compound_ids,canonical_smiles,measured_logS,cluster_id,split
Amigdalin,N#CC(OC1OC(COC2OC(CO)C(O)C(O)C2O)C(O)C(O)C1O)c1ccccc1,-0.77,169,test
Fenfuram,Cc1occc1C(=O)Nc1ccccc1,-3.3,10,train
citral,CC(C)=CCCC(C)=CC=O,-2.06,227,train
Picene,c1ccc2c(c1)ccc1c2ccc2c3ccccc3ccc21,-7.87,1,train
Thiophene,c1ccsc1,-1.33,421,test
benzothiazole,c1ccc2scnc2c1,-1.5,420,validation
"2,2,4,6,6'-PCB",Clc1cc(Cl)c(-c2c(Cl)cccc2Cl)c(Cl)c1,-7.32,2,train
Estradiol,CC12CCC3c4ccc(O)cc4CCC3C1CCC2O,-5.03,6,train
Dieldrin,ClC1=C(Cl)C2(Cl)C3C4CC(C5OC45)C3C1(Cl)C2(Cl)Cl,-6.29,80,train
Rotenone,C=C(C)C1Cc2c(ccc3c2OC2COc4cc(OC)c(OC)cc4C2C3=O)O1,-4.42,419,train
2-pyrrolidone,O=C1CCCN1,1.07,418,test
2-Chloronapthalene,Clc1ccc2ccccc2c1,-4.14,2,train
1-Pentene ,C=CCCC,-2.68,27,train
Primidone,CCC1(c2ccccc2)C(=O)NCNC1=O,-2.64,52,train
Tetradecane,CCCCCCCCCCCCCC,-7.96,0,train
2-Chloropropane,CC(C)Cl,-1.41,45,train
2-Methylbutanol,CCC(C)CO,-0.47,14,train
Benzonitrile,N#Cc1ccccc1,-1.0,171,train
Diazinon,CCOP(=S)(OCC)Oc1cc(C)nc(C(C)C)n1,-3.64,110,train
2-Undecanol,CCCCCCCCCC(C)O,-2.94,0,train
"2,2',3,4,6-PCB",Clc1ccc(-c2c(Cl)ccc(Cl)c2Cl)c(Cl)c1,-7.43,2,train
Lenacil,O=c1[nH]c2c(c(=O)n1C1CCCCC1)CCC2,-4.593999999999999,417,validation
Phorate,CCOP(=S)(OCC)SCSCC,-4.11,68,train
Phenacetin,CCOc1ccc(NC(C)=O)cc1,-2.35,10,train
Dinitramine,CCN(CC)c1c([N+](=O)[O-])cc(C(F)(F)F)c(N)c1[N+](=O)[O-],-5.47,58,train
1-Heptanol,CCCCCCCO,-1.81,0,train
Theophylline,Cn1c(=O)c2[nH]cnc2n(C)c1=O,-1.39,100,train
Butethal,CCCCC1(CC)C(=O)NC(=O)NC1=O,-1.661,17,train
"P,P'-DDE",ClC(Cl)=C(c1ccc(Cl)cc1)c1ccc(Cl)cc1,-6.9,15,train
Methyl octanoate,CCCCCCCC(=O)OC,-3.17,0,train
"1,4-Diethylbenzene ",CCc1ccc(CC)cc1,-3.75,11,train
Terbufos,CCOP(=S)(OCC)SCSC(C)(C)C,-4.755,68,train
Phenmedipham,COC(=O)Nc1cccc(OC(=O)Nc2cccc(C)c2)c1,-4.805,33,train
"1,1-Dichloroethylene",C=C(Cl)Cl,-1.64,416,train
1-Methylfluorene,Cc1cccc2c1Cc1ccccc1-2,-5.22,78,train
Valeraldehyde,CCCCC=O,-0.85,27,train
Diphenylamine,c1ccc(Nc2ccccc2)cc1,-3.504,5,train
Fenothiocarb,CN(C)C(=O)SCCCCOc1ccccc1,-3.927,103,train
Piperophos,CCCOP(=S)(OCCC)SCC(=O)N1CCCCC1C,-4.15,415,test
1-Iodoheptane,CCCCCCCI,-4.81,0,train
3-Chlorobiphenyl,Clc1cccc(-c2ccccc2)c1,-4.88,5,train
4-Pentene-1-ol,C=CCCCO,-0.15,27,train
Cyclobutyl-5-spirobarbituric acid,O=C1NC(=O)C2(CCC2)C(=O)N1,-1.655,46,train
menthol,CC1CCC(C(C)C)C(O)C1,-2.53,414,validation
Isopropyl formate,CC(C)OC=O,-0.63,413,train
2-Heptanol ,CCCCCC(C)O,-1.55,0,train
p-Bromoacetanilide,CC(=O)Nc1ccc(Br)cc1,-3.083,10,train
brompyrazone,Nc1cnn(-c2ccccc2)c(=O)c1Br,-3.127,124,train
nifedipine,COC(=O)C1=C(C)NC(C)=C(C(=O)OC)C1c1ccccc1[N+](=O)[O-],-4.76,412,test
"2,7-dimethylquinoline",Cc1ccc2ccc(C)nc2c1,-1.94,118,train
1-Octyne ,C#CCCCCCC,-3.66,0,train
cyclobarbital,CCC1(C2=CCCCC2)C(=O)NC(=O)NC1=O,-2.17,52,train
Chrysene,c1ccc2c(c1)ccc1c3ccccc3ccc21,-8.057,1,train
Bromacil,CCC(C)n1c(=O)[nH]c(C)c(Br)c1=O,-2.523,411,validation
"2,2',3,3',5,6-PCB",Clc1cccc(-c2c(Cl)c(Cl)cc(Cl)c2Cl)c1Cl,-8.6,4,train
2-Methylphenol,Cc1ccccc1O,-0.62,24,train
"2,2,5-Trimethylhexane",CC(C)CCC(C)(C)C,-5.05,151,train
"1,4-Dimethylnaphthalene ",Cc1ccc(C)c2ccccc12,-4.14,8,train
6-Methylchrysene,Cc1cc2c3ccccc3ccc2c2ccccc12,-6.57,1,train
2-Pentanone,CCCC(C)=O,-0.19,22,train
"2,2',3,3',5,5',6,6'-PCB",Clc1cc(Cl)c(Cl)c(-c2c(Cl)c(Cl)cc(Cl)c2Cl)c1Cl,-9.15,19,train
Methyl butyrate,CCCOC(=O)CC,-0.82,43,train
Triamcinolone,CC12C=CC(=O)C=C1CCC1C3CC(O)C(O)(C(=O)CO)C3(C)CC(O)C12F,-3.68,32,train
p-Aminophenol,Nc1ccc(O)cc1,-0.8,7,train
Benznidazole,O=C(Cn1ccnc1[N+](=O)[O-])NCc1ccccc1,-2.81,410,train
"Atovaquone(0,430mg/ml) - neutral",O=C1C(O)=C(C2CCC(c3ccc(Cl)cc3)CC2)C(=O)c2ccccc21,-5.931,409,test
Trietazine,CCNc1nc(Cl)nc(N(CC)CC)n1,-4.06,37,train
Pyrazinamide,NC(=O)c1cnccn1,-0.667,98,train
Carbromal,CCC(Br)(CC)C(=O)NC(N)=O,-2.68,408,validation
"2,2'-PCB",Clc1ccccc1-c1ccccc1Cl,-5.27,4,train
nitrofurantoin,O=C1CN(N=Cc2ccc([N+](=O)[O-])o2)C(=O)N1,-3.38,212,train
Nitrofen,O=[N+]([O-])c1ccc(Oc2ccc(Cl)cc2Cl)cc1,-5.46,56,validation
Camphor,CC12CCC(CC1=O)C2(C)C,-1.96,407,train
5-Allyl-5-phenylbarbital,C=CCC1(c2ccccc2)C(=O)NC(=O)NC1=O,-2.369,41,train
Pentyl propanoate,CCCCC(=O)OCC,-2.25,3,train
Isopentyl acetate,CC(=O)OCCC(C)C,-1.92,43,train
3-Hexanoyloxymethylphenyltoin,CCCCCC(=O)OCN1C(=O)NC(c2ccccc2)(c2ccccc2)C1=O,-5.886,61,train
"2,3',5-PCB",Clc1cccc(-c2cc(Cl)ccc2Cl)c1,-6.01,2,train
1-Bromopropane,CCCBr,-1.73,44,train
Propiconazole,CCCC1COC(Cn2cncn2)(c2ccc(Cl)cc2Cl)O1,-3.4930000000000003,406,test
Formothion,COP(=S)(OC)SCC(=O)N(C)C=O,-1.995,168,train
4-methylpteridine,Cc1ncnc2nccnc12,-0.466,209,test
Thiourea,NC(N)=S,0.32,405,validation
p-Xylene ,Cc1ccc(C)cc1,-2.77,7,train
"1,2-Diethylbenzene",CCc1ccccc1CC,-3.28,11,train
Hexachloroethane,ClC(Cl)(Cl)C(Cl)(Cl)Cl,-3.67,236,train
Flucythrinate,CC(C)C(C(=O)OC(C#N)c1cccc(Oc2ccccc2)c1)c1ccc(OC(F)F)cc1,-6.876,35,train
1-Nitropropane,CCC[N+](=O)[O-],-0.8,235,test
Menthone,CC1CCC(C(C)C)C(=O)C1,-2.35,404,train
RTI 24,CCN1c2cc(Cl)ccc2NC(=O)c2cccnc21,-5.36,23,train
"2,3-Dichloronitrobenzene",O=[N+]([O-])c1cccc(Cl)c1Cl,-3.48,4,train
thiamylal,C=CCC1(C(C)CCC)C(=O)NC(=S)NC1=O,-3.46,83,test
Fluoranthene,c1ccc2c(c1)-c1cccc3cccc-2c13,-6.0,34,train
Propylisopropylether,CCCOC(C)C,-1.34,234,validation
"1,3-Dimethylnaphthalene",Cc1cc(C)c2ccccc2c1,-4.29,8,train
diethylstilbestrol,CCC(=C(CC)c1ccc(O)cc1)c1ccc(O)cc1,-4.07,7,train
Chlorothalonil,N#Cc1c(Cl)c(Cl)c(Cl)c(C#N)c1Cl,-5.64,403,test
"2,3',4',5-PCB",Clc1ccc(Cl)c(-c2ccc(Cl)c(Cl)c2)c1,-7.25,2,train
styrene oxide,c1ccc(C2CO2)cc1,-1.6,402,validation
Isopropylbenzene ,CC(C)c1ccccc1,-3.27,67,train
Deoxycorticosterone,CC12CCC(=O)C=C1CCC1C2CCC2(C)C(C(=O)CO)CCC12,-3.45,6,train
chlorquinox,Clc1c(Cl)c(Cl)c2nccnc2c1Cl,-5.43,401,train
L-arabinose,OC1COC(O)C(O)C1O,0.39,400,test
Dichloromethane,ClCCl,-0.63,117,test
1-Ethylnaphthalene ,CCc1cccc2ccccc12,-4.17,1,train
Methyl formate,COC=O,0.58,399,validation
o-Nitrophenol,O=[N+]([O-])c1ccccc1O,-1.74,9,train
thymine,Cc1c[nH]c(=O)[nH]c1=O,-1.506,229,test
2-Methylpropane,CC(C)C,-2.55,45,train
Inosine,OCC1OC(n2cnc3c(O)ncnc32)C(O)C1O,-1.23,228,validation
Ioxynil,N#Cc1cc(I)c(O)c(I)c1,-3.61,217,train
Niclosamide,O=C(Nc1ccc([N+](=O)[O-])cc1Cl)c1cc(Cl)ccc1O,-4.7,233,train
Pentane,CCCCC,-3.18,0,train
Phenol,Oc1ccccc1,0.0,5,train
2-aminoanthracene,Nc1ccc2cc3ccccc3cc2c1,-5.17,55,train
theobromine,Cn1cnc2c1c(=O)[nH]c(=O)n2C,-2.523,100,train
Isoquinoline,c1ccc2cnccc2c1,-1.45,232,test
Anilofos,COP(=S)(OC)SCC(=O)N(c1ccc(Cl)cc1)C(C)C,-4.432,168,train
Hexylbenzene ,CCCCCCc1ccccc1,-5.21,0,train
2-Chlorobiphenyl,Clc1ccccc1-c1ccccc1,-4.54,5,train
2-Methyl-1-Pentene,C=C(C)CCC,-3.03,167,validation
"2,3,4-Trimethylpentane",CC(C)C(C)C(C)C,-4.8,231,validation
Pentachlorobenzene,Clc1cc(Cl)c(Cl)c(Cl)c1Cl,-5.65,19,train
m-Nitrophenol,O=[N+]([O-])c1cccc(O)c1,-1.01,9,train
1-Decene,C=CCCCCCCCC,-5.51,0,train
Glyceryl triacetate,CC(=O)OCC(COC(C)=O)OC(C)=O,-0.6,43,train
dimethirimol,CCCCc1c(C)nc(N(C)C)nc1O,-2.24,398,train
Cyfluthrin,CC1(C)C(C=C(Cl)Cl)C1C(=O)OC(C#N)c1ccc(F)c(Oc2ccccc2)c1,-7.337000000000001,35,train
Pyridine,c1ccncc1,0.76,166,train
1-Bromoheptane,CCCCCCCBr,-4.43,0,train
"3,4-Dimethylpyridine",Cc1ccncc1C,0.36,397,test
Fludrocortisone,CC12CCC(=O)C=C1CCC1C3CCC(O)(C(=O)CO)C3(C)CC(O)C12F,-3.43,32,train
ethiofencarb,CCSCc1ccccc1OC(=O)NC,-2.09,30,train
Malonic acid diethylester,CCOC(=O)CC(=O)OCC,-0.82,3,train
d-Limonene,C=C(C)C1CC=C(C)CC1,-4.26,221,validation
Indan,c1ccc2c(c1)CCC2,-3.04,78,train
p-t-Butylphenol,CC(C)(C)c1ccc(O)cc1,-2.41,7,train
Cyclopropyl-5-spirobarbituric acid,O=C1NC(=O)C2(CC2)C(=O)N1,-1.886,46,train
m-Chloroiodobenzene,Clc1cccc(I)c1,-3.55,16,train
1-Bromonapthalene,Brc1cccc2ccccc12,-4.35,1,train
trans-2-Pentene ,C/C=C/CC,-2.54,230,train
"2,6-Dimethylpyridine",Cc1cccc(C)n1,0.45,396,validation
Trichloroethylene,ClC=C(Cl)Cl,-1.96,395,train
1-Napthylamine,Nc1cccc2ccccc12,-1.92,1,train
m-Xylene ,Cc1cccc(C)c1,-2.82,31,train
2-hydroxypteridine,Oc1ncc2nccnc2n1,-1.947,72,train
Methanol,CO,1.57,394,test
Amobarbital|5-Ethyl-5-(3-methylbutyl)barbital,CCC1(CCC(C)C)C(=O)NC(=O)NC1=O,-2.563,17,train
2-Butanone,CCC(C)=O,0.52,28,train
5-fluorouracil,O=c1[nH]cc(F)c(=O)[nH]1,-1.077,229,test
tubercidin,Nc1ncnc2c1ccn2C1OC(CO)C(O)C1O,-1.95,228,validation
"1,3-Benzenediol",Oc1cccc(O)c1,0.81,16,train
1-Hexanol,CCCCCCO,-1.24,0,train
1-Chloropentane,CCCCCCl,-2.73,0,train
"1,3-Butadiene",C=CC=C,-1.87,223,test
Propyl acetate,CCCOC(C)=O,-0.72,43,train
"5,6,7,8-tetrahydro-2-naphthol",Oc1ccc2c(c1)CCCC2,-1.99,165,train
chloroacetamide,NC(=O)CCl,-0.02,139,train
Iodofenphos,COP(=S)(OC)Oc1cc(Cl)c(I)cc1Cl,-6.62,88,train
4-Chlorotoluene,Cc1ccc(Cl)cc1,-3.08,7,train
Metribuzin,CSc1nnc(C(C)(C)C)c(=O)n1N,-2.253,393,validation
Tricresyl phosphate,Cc1ccc(OP(=O)(Oc2cccc(C)c2)Oc2ccccc2C)cc1,-6.01,392,train
Caproaldehyde,CCCCCC=O,-1.3,0,train
Butamben,CCCCOC(=O)c1ccc(N)cc1,-3.082,20,train
RTI 3,Cc1ccc2c(c1)Oc1ncc(N)cc1C(=O)N2C,-3.043,164,train
Nerol,CC(C)=CCC/C(C)=C\CO,-2.46,227,train
"2,4'-PCB",Clc1ccc(-c2ccccc2Cl)cc1,-5.28,15,train
3-Octanoyloxymethylphenytoin,CCCCCCCC(=O)OCN1C(=O)NC(c2ccccc2)(c2ccccc2)C1=O,-6.523,61,train
Nitroethane,CC[N+](=O)[O-],-0.22,129,train
Ethalfluralin,C=C(C)CN(CC)c1c([N+](=O)[O-])cc(C(F)(F)F)cc1[N+](=O)[O-],-6.124,58,train
"1,2,3,4-Tetrachlorobenzene",Clc1ccc(Cl)c(Cl)c1Cl,-4.57,2,train
Meprobamate,CCCC(C)(COC(N)=O)COC(N)=O,-1.807,226,test
pregnenolone,CC(=O)C1CCC2C3CC=C4CC(O)CCC4(C)C3CCC12C,-4.65,93,test
Iodomethane,CI,-1.0,391,test
cycloheximide,CC1CC(C)C(=O)C(C(O)CC2CC(=O)NC(=O)C2)C1,-1.13,390,validation
3-Heptanoyloxymethylphenytoin,CCCCCCC(=O)OCN1C(=O)NC(c2ccccc2)(c2ccccc2)C1=O,-6.301,61,train
isophorone,CC1=CC(=O)CC(C)(C)C1,-1.06,193,validation
Butabarbital,CCC(C)C1(CC)C(=O)NC(=O)NC1=O,-2.39,17,train
5-Nonanone,CCCCC(=O)CCCC,-2.58,3,train
Glutethimide,CCC1(c2ccccc2)CCC(=O)NC1=O,-2.337,52,train
3-Methylpentane,CCC(C)CC,-3.68,14,train
Etofenprox,CCOc1ccc(C(C)(C)COCc2cccc(Oc3ccccc3)c2)cc1,-8.6,225,validation
Methaqualone,Cc1ccccc1-n1c(C)nc2ccccc2c1=O,-2.925,389,train
Chloroacetonitrile,N#CCCl,-0.092,213,validation
Trichloronate,CCOP(=S)(CC)Oc1cc(Cl)c(Cl)cc1Cl,-5.752000000000001,88,train
Ethisterone,C#CC1(O)CCC2C3CCC4=CC(=O)CCC4(C)C3CCC21C,-5.66,6,train
Pyridazine,c1ccnnc1,1.1,166,train
"1,2,3,5-Tetrachlorobenzene",Clc1cc(Cl)c(Cl)c(Cl)c1,-4.63,2,train
Diosgenin,CC1COC2CC3(C)C(CC4C5C=C6CC(O)CCC6(C)CC5CCC43C)OC2C1,-7.32,388,test
o-Aminophenol,Nc1ccccc1O,-0.72,24,train
Ethyl nonanoate,CCCCCCCCC(=O)OCC,-3.8,3,train
metalaxyl,COCC(=O)N(c1c(C)cccc1C)C(C)C(=O)OC,-1.601,113,train
Propoxur,CNC(=O)Oc1ccccc1OC(C)C,-2.05,30,train
2-Chlorobutane,CCC(C)Cl,-1.96,14,train
2-Napthol,Oc1ccc2ccccc2c1,-2.28,8,train
Oxadiazon,CC(C)Oc1cc(-n2nc(C(C)(C)C)oc2=O)c(Cl)cc1Cl,-5.696000000000001,224,train
1-Hexyne ,C#CCCCC,-2.36,54,train
1-Nonyne ,C#CCCCCCCC,-4.24,0,train
2-Chlorotoluene,Cc1ccccc1Cl,-3.52,4,train
Diisopropyl ether ,CC(C)OC(C)C,-1.1,387,validation
Dapsone,Nc1ccc(S(=O)(=O)c2ccc(N)cc2)cc1,-3.094,51,train
Methyl hydrazine,CNN,1.34,386,train
Propyne,C#CC,-0.41,385,test
Phoxim,CCOP(=S)(OCC)ON=C(C#N)c1ccccc1,-4.862,384,validation
Propetamphos,CCNP(=S)(OC)OC(C)=CC(=O)OC(C)C,-3.408,383,train
Acrolein,C=CC=O,0.57,223,test
Hypoxanthine,O=c1[nH]cnc2nc[nH]c12,-2.296,158,train
6-hydroxyquinoline,Oc1ccc2ncccc2c1,-2.16,49,train
Fluorobenzene,Fc1ccccc1,-1.8,5,train
1-Chloropropane,CCCCl,-1.47,53,train
Ethyl acetate,CCOC(C)=O,-0.04,3,train
"2,2-Dimethylpentane",CCCC(C)(C)C,-4.36,74,train
Pentamethylbenzene,Cc1cc(C)c(C)c(C)c1C,-4.0,163,train
"eucalyptol|1,8-Cineole",CC12CCC(CC1)C(C)(C)O2,-1.69,382,test
dibutyl sebacate,CCCCOC(=O)CCCCCCCCC(=O)OCCCC,-3.896,3,train
"4,4'-PCB",Clc1ccc(-c2ccc(Cl)cc2)cc1,-6.56,15,train
"2,3-Dimethylpyridine",Cc1cccnc1C,0.38,222,test
Carvone,C=C(C)C1CC=C(C)C(=O)C1,-2.06,221,validation
Carbophenthion,CCOP(=S)(OCC)SCSc1ccc(Cl)cc1,-5.736000000000001,68,train
"Etoposide (148-167,25mg/ml)",COc1cc(C2c3cc4c(cc3C(OC3OC5COC(C)OC5C(O)C3O)C3COC(=O)C23)OCO4)cc(OC)c1O,-3.571,381,validation
Perylene,c1cc2cccc3c4cccc5cccc(c(c1)c23)c54,-8.804,1,train
"2,4-Dinitrotoluene",Cc1ccc([N+](=O)[O-])cc1[N+](=O)[O-],-2.82,12,train
2-bromonaphthalene|2-Bromonapthalene,Brc1ccc2ccccc2c1,-4.4,8,train
Formetanate,CNC(=O)Oc1cccc(N=CN(C)C)c1,-2.34,30,train
6-methoxypteridine,COc1cnc2ncncc2n1,-1.139,72,train
nevirapine,Cc1ccnc2c1NC(=O)c1cccnc1N2C1CC1,-3.19,92,validation
Isazofos,CCOP(=S)(OCC)Oc1nc(Cl)n(C(C)C)n1,-3.658,110,train
"2-Methyl-1,3-Butadiene ",C=CC(=C)C,-2.03,112,train
linalool,C=CC(C)(O)CCC=C(C)C,-1.99,380,train
Fenthion,COP(=S)(OC)Oc1ccc(SC)c(C)c1,-4.57,120,train
Cyclohexanol ,OC1CCCCC1,-0.44,156,train
5-Allyl-5-methylbarbital,C=CCC1(C)C(=O)NC(=O)NC1=O,-1.16,41,train
Epiandrosterone|Androsterone,CC12CCC3C(CCC4CC(O)CCC43C)C1CCC2=O,-4.281000000000001,6,train
4-Methylbiphenyl,Cc1ccc(-c2ccccc2)cc1,-4.62,5,train
Atrazine,CCNc1nc(Cl)nc(NC(C)C)n1,-3.85,37,train
Phenylthiourea,NC(=S)Nc1ccccc1,-1.77,10,train
4-Heptanone,CCCC(=O)CCC,-1.3,22,train
"3,3-Dimethyl-2-butanone",CC(=O)C(C)(C)C,-0.72,379,test
4-Chlorophenol ,Oc1ccc(Cl)cc1,-0.7,7,train
Cyclohexanone,O=C1CCCCC1,-0.6,378,validation
m-Methylaniline,Cc1cccc(N)c1,-0.85,31,train
Trichloroacetonitrile,N#CC(Cl)(Cl)Cl,-2.168,377,train
norflurazon,CNc1cnn(-c2cccc(C(F)(F)F)c2)c(=O)c1Cl,-4.046,124,train
2-Decanone,CCCCCCCCC(C)=O,-3.3,0,train
Ipazine,CCN(CC)c1nc(Cl)nc(NC(C)C)n1,-3.785,37,train
Benzocaine,CCOC(=O)c1ccc(N)cc1,-2.616,20,train
"1,2,4-Trichlorobenzene",Clc1ccc(Cl)c(Cl)c1,-3.59,2,train
Triazolam,Cc1nnc2n1-c1ccc(Cl)cc1C(c1ccccc1Cl)=NC2,-4.09,140,train
"1,2-Benzenediol",Oc1ccccc1O,0.62,24,train
Reverse Transcriptase inhibitor 1,CCN1c2ncccc2C(=O)N(C)c2cccnc21,-2.62,23,train
Dimethyl sulfide,CSC,-0.45,181,test
2-Bromotoluene,Cc1ccccc1Br,-2.23,24,train
O-Ethyl carbamate,CCOC(N)=O,0.85,3,train
megestrol acetate,CC(=O)OC1(C(C)=O)CCC2C3C=C(C)C4=CC(=O)CCC4(C)C3CCC21C,-5.35,106,train
"2,4-Dimethyl-3-pentanol",CC(C)C(O)C(C)C,-1.22,79,train
Napthalene,c1ccc2ccccc2c1,-3.6,1,train
N-Ethylaniline,CCNc1ccccc1,-1.7,11,train
Phenytoin,O=C1NC(=O)C(c2ccccc2)(c2ccccc2)N1,-4.097,52,train
"7,12-Dimethylbenz(a)anthracene",Cc1c2ccccc2c(C)c2c1ccc1ccccc12,-7.02,1,train
Dialifor|Dialifos,CCOP(=S)(OCC)SC(CCl)N1C(=O)c2ccccc2C1=O,-6.34,175,validation
Methoxychlor,COc1ccc(C(c2ccc(OC)cc2)C(Cl)(Cl)Cl)cc1,-6.89,162,test
TEFLUBENZURON,O=C(NC(=O)c1c(F)cccc1F)Nc1cc(Cl)c(F)c(Cl)c1F,-7.28,220,validation
3-Pentanoyloxymethylphenytoin,CCCCC(=O)OCN1C(=O)NC(c2ccccc2)(c2ccccc2)C1=O,-4.678,61,train
Monuron,CN(C)C(=O)Nc1ccc(Cl)cc1,-2.89,13,train
Flutriafol,OC(Cn1cncn1)(c1ccc(F)cc1)c1ccccc1F,-3.37,202,validation
triamcinolone diacetate,CC(=O)OCC(=O)C1(O)C(OC(C)=O)CC2C3CCC4=CC(=O)C=CC4(C)C3(F)C(O)CC21C,-4.13,39,train
1-Bromobutane,CCCCBr,-2.37,0,train
"1,2,4,5-Tetrabromobenzene",Brc1cc(Br)c(Br)cc1Br,-6.98,161,validation
4-Methyl-2-pentanone,CC(=O)CC(C)C,-0.74,28,train
cycloate,CCSC(=O)N(CC)C1CCCCC1,-3.4,376,test
4-Chloroanisole,COc1ccc(Cl)cc1,-2.78,15,train
Deltamethrin,CC1(C)C(C=C(Br)Br)C1C(=O)OC(C#N)c1cccc(Oc2ccccc2)c1,-8.402000000000001,35,train
Talbutal,C=CCC1(C(C)CC)C(=O)NC(=O)NC1=O,-2.016,17,train
Fenitrothion,COP(=S)(OC)Oc1ccc([N+](=O)[O-])c(C)c1,-4.04,47,train
1-Iodonapthalene,Ic1cccc2ccccc12,-4.55,1,train
Ethanethiol,CCS,-0.6,64,train
"1,1,2-Trichloroethane",ClCC(Cl)Cl,-1.48,160,train
Pyrolan,Cc1cc(OC(=O)N(C)C)n(-c2ccccc2)n1,-2.09,375,validation
o-Hydroxybenzamide,NC(=O)c1ccccc1O,-1.82,24,train
o-Nitrotoluene,Cc1ccccc1[N+](=O)[O-],-2.33,9,train
"5,5-Diisopropylbarbital",CC(C)C1(C(C)C)C(=O)NC(=O)NC1=O,-2.766,17,train
2-Ethyltoluene,CCc1ccccc1C,-3.21,11,train
1-Chloroheptane,CCCCCCCCl,-4.0,0,train
Barbital,CCC1(CC)C(=O)NC(=O)NC1=O,-2.4,17,train
Bibenzyl ,c1ccc(CCc2ccccc2)cc1,-4.62,5,train
"1,1,2,2-Tetrachloroethane",ClC(Cl)C(Cl)Cl,-1.74,45,train
RTI 23,CCN1c2cc(OC)cc(C)c2NC(=O)c2cccnc21,-5.153,23,train
2-Methylphenanthrene,Cc1ccc2c(ccc3ccccc32)c1,-5.84,1,train
dibutylphthalate,CCCCOC(=O)c1ccccc1C(=O)OCCCC,-4.4,20,train
tetrachloroguaiacol,COc1c(O)c(Cl)c(Cl)c(Cl)c1Cl,-4.02,115,train
Dimecron,CCN(CC)C(=O)C(Cl)=CCOP(=O)(OC)OC,0.523,374,train
Equilin,CC12CCC3C(=CCc4cc(O)ccc43)C1CCC2=O,-5.282,50,train
Chlorimuron-ethyl (ph 7),CCOC(=O)c1ccccc1S(=O)(=O)NN(C=O)c1nc(Cl)cc(OC)n1,-4.5760000000000005,373,test
p-Nitroanisole,COc1ccc([N+](=O)[O-])cc1,-2.41,9,train
1-Chlorohexane,CCCCCCCl,-3.12,0,train
"2,2',3,3',4,4',5,5'-PCB",Clc1cc(-c2cc(Cl)c(Cl)c(Cl)c2Cl)c(Cl)c(Cl)c1Cl,-9.16,19,train
Raffinose,OCC1OC(OCC2OC(OC3(CO)OC(CO)C(O)C3O)C(O)C(O)C2O)C(O)C(O)C1O,-0.41,70,train
hexacosane,CCCCCCCCCCCCCCCCCCCCCCCCCC,-8.334,0,train
RTI 5,CCN1c2ccccc2N(C)C(=O)c2cccnc21,-3.324,23,train
"1,1-Dichloroethane",CC(Cl)Cl,-1.29,45,train
Sulfanilamide,Nc1ccc(S(N)(=O)=O)cc1,-1.34,51,train
Isopropalin,CCCN(CCC)c1c([N+](=O)[O-])cc(C(C)C)cc1[N+](=O)[O-],-6.49,58,train
Lindane,ClC1C(Cl)C(Cl)C(Cl)C(Cl)C1Cl,-4.64,372,validation
Isofenphos,CCOP(=S)(NC(C)C)Oc1ccccc1C(=O)OC(C)C,-4.194,371,train
"1,2,3-Trichlorobenzene",Clc1cccc(Cl)c1Cl,-4.0,4,train
Tetrachloromethane,ClC(Cl)(Cl)Cl,-2.31,136,train
"3,4-Dichloronitrobenzene",O=[N+]([O-])c1ccc(Cl)c(Cl)c1,-3.2,2,train
Cyclooctanol,OC1CCCCCCC1,-1.29,156,train
17a-Methyltestosterone,CC12CCC(=O)C=C1CCC1C2CCC2(C)C1CCC2(C)O,-3.999,6,train
Dulcin,CCOc1ccc(NC(N)=O)cc1,-2.17,159,test
"trans-1,4-Dimethylcyclohexane",CC1CCC(C)CC1,-4.47,96,train
"1,7-phenantroline",c1cnc2c(c1)ccc1ncccc12,-2.68,49,train
Methyl t-butyl ether ,COC(C)(C)C,-0.24,370,test
Anethole,CC=Cc1ccc(OC)cc1,-3.13,48,train
1-Hexadecanol,CCCCCCCCCCCCCCCCO,-7.0,0,train
uracil,O=c1cc[nH]c(=O)[nH]1,-1.4880000000000002,369,validation
adenine,Nc1ncnc2nc[nH]c12,-2.12,158,train
"2,2',3,4,5-PCB",Clc1cc(Cl)c(-c2cccc(Cl)c2Cl)cc1Cl,-7.21,4,train
Ancymidol,COc1ccc(C(O)(c2cncnc2)C2CC2)cc1,-2.596,368,train
Benzo(b)fluoranthene,c1ccc2c(c1)-c1cccc3c1c-2cc1ccccc13,-8.23,1,train
Carbanilide,O=C(Nc1ccccc1)Nc1ccccc1,-3.15,10,train
phenobarbital|5-Ethyl-5-phenylbarbital,CCC1(c2ccccc2)C(=O)NC(=O)NC1=O,-2.322,52,train
"2',3,4-PCB",Clc1ccc(-c2cccc(Cl)c2Cl)cc1,-6.29,4,train
Isoproturon,CC(C)c1ccc(NC(=O)N(C)C)cc1,-3.536,13,train
Azintamide,CCN(CC)C(=O)CSc1ccc(Cl)nn1,-1.716,367,test
"2,2-Dimethyl-1-butanol",CCC(C)(C)CO,-1.04,26,train
Ethyl pentanoate,CCCOC(=O)CCC,-1.75,3,train
"2,4,6-Trinitrotoluene",Cc1c([N+](=O)[O-])cc([N+](=O)[O-])cc1[N+](=O)[O-],-3.22,12,train
Bensulide,CC(C)OP(=S)(OC(C)C)SCCNS(=O)(=O)c1ccccc1,-4.2,366,validation
Cycloheptane,C1CCCCCC1,-3.51,105,train
Propyl formate,CCCOC=O,-0.49,62,train
2-Isopropyltoluene,Cc1ccccc1C(C)C,-3.76,67,train
m-Chloroaniline,Nc1cccc(Cl)c1,-1.37,16,train
"2,4-Dimethylpentane",CC(C)CC(C)C,-4.26,38,train
Dibenzofurane,c1ccc2c(c1)oc1ccccc12,-4.6,219,train
ethofumesate,CCOC1Oc2ccc(OS(C)(=O)=O)cc2C1(C)C,-3.42,365,train
Fluometuron,CN(C)C(=O)Nc1cccc(C(F)(F)F)c1,-3.43,13,train
Acridine,c1ccc2nc3ccccc3cc2c1,-3.67,49,train
Cortisone,CC12CCC(=O)C=C1CCC1C2C(=O)CC2(C)C1CCC2(O)C(=O)CO,-3.11,6,train
glucose,OCC1OC(O)C(O)C(O)C1O,0.74,70,train
3-Methylphenol,Cc1cccc(O)c1,-0.68,7,train
Indapamide,CC1Cc2ccccc2N1NC(=O)c1ccc(Cl)c(S(N)(=O)=O)c1,-3.5860000000000003,364,test
Lovastatin,CCC(C)C(=O)OC1CC(C)C=C2C=CC(C)C(CCC3CC(O)CC(=O)O3)C21,-6.005,363,validation
"1,4-Dinitrobenzene",O=[N+]([O-])c1ccc([N+](=O)[O-])cc1,-3.39,9,train
Reposal,CCC1(C2=CCC3CCC2C3)C(=O)NC(=O)NC1=O,-2.696,218,test
Ethyl decanoate,CCCCCCCCCC(=O)OCC,-4.1,3,train
Fenuron,CN(C)C(=O)Nc1ccccc1,-1.6,10,train
Ethyl propyl ether,CCCOCC,-0.66,82,train
2-Propanol,CC(C)O,0.43,14,train
2-Methylnapthalene,Cc1ccc2ccccc2c1,-3.77,8,train
Chlorodibromethane,ClC(Br)Br,-1.9,89,train
Hexestrol,CCC(c1ccc(O)cc1)C(CC)c1ccc(O)cc1,-4.43,116,validation
Malathion,CCOC(=O)CC(SP(=S)(OC)OC)C(=O)OCC,-3.37,362,train
Benzylchloride,ClCc1ccccc1,-2.39,11,train
t-Crotonaldehyde,C/C=C/C=O,0.32,361,test
Chlorbromuron,CON(C)C(=O)Nc1ccc(Br)c(Cl)c1,-3.924,13,train
"9,10-Dimethylanthracene",Cc1c2ccccc2c(C)c2ccccc12,-6.57,1,train
Methyl hexanoate,CCCCCC(=O)OC,-1.87,3,train
Dimefuron,CN(C)C(=O)Nc1ccc(-n2nc(C(C)(C)C)oc2=O)c(Cl)c1,-4.328,13,train
p-Fluoroacetanilide,CC(=O)Nc1ccc(F)cc1,-1.78,10,train
alachlor,CCc1cccc(CC)c1N(COC)C(=O)CCl,-3.26,113,train
Cyclohexene,C1=CCCCC1,-2.59,123,train
Hydrocortisone ,CC12CCC(=O)C=C1CCC1C2C(O)CC2(C)C1CCC2(O)C(=O)CO,-3.09,6,train
Pyrimidine,c1cncnc1,1.1,166,train
p-Chloronitrobenzene,O=[N+]([O-])c1ccc(Cl)cc1,-2.92,9,train
Methyl propionate,CCC(=O)OC,-0.14,22,train
o-Chloronitrobenzene,O=[N+]([O-])c1ccccc1Cl,-2.55,9,train
Neburon,CCCCN(C)C(=O)Nc1ccc(Cl)c(Cl)c1,-4.77,13,train
Buthidazole,CN1CC(O)N(c2nnc(C(C)(C)C)s2)C1=O,-1.877,360,validation
Nitrobenzene,O=[N+]([O-])c1ccccc1,-1.8,9,train
Iodobenzene,Ic1ccccc1,-3.01,5,train
Metolazone,Cc1ccccc1N1C(=O)c2cc(S(N)(=O)=O)c(Cl)cc2NC1C,-3.78,199,train
Methocarbamol,COc1ccccc1OCC(O)COC(N)=O,-0.985,359,train
butachlor,CCCCOCN(C(=O)CCl)c1c(CC)cccc1CC,-4.19,113,train
"2,3-Dichlorophenol",Oc1cccc(Cl)c1Cl,-1.3,4,train
Propyl butyrate,CCCC(=O)OC,-1.92,22,train
Propanil,CCC(=O)Nc1ccc(Cl)c(Cl)c1,-3.0,81,validation
Triamterene,Nc1nc(N)c2nc(-c3ccccc3)c(N)nc2n1,-2.404,358,test
Ethyl hexanoate,CCCCCC(=O)OCC,-2.35,3,train
chloralose,OCC(O)C1OC2OC(C(Cl)(Cl)Cl)OC2C1O,-1.84,357,validation
Amitraz,Cc1ccc(N=CN(C)C=Nc2ccc(C)cc2C)c(C)c1,-5.47,214,test
Prometon,COc1nc(NC(C)C)nc(NC(C)C)n1,-2.478,37,train
1-Octene ,C=CCCCCCC,-4.44,0,train
p-Methylaniline ,Cc1ccc(N)cc1,-1.21,7,train
aminothiazole,Nc1nccs1,-0.36,356,train
Metolcarb,CNC(=O)Oc1ccccc1,-1.803,30,train
3-Hexanol,CCCC(O)CC,-0.8,14,train
9-anthrol,Oc1c2ccccc2cc2ccccc12,-4.73,1,train
2-Methylanthracene,Cc1ccc2cc3ccccc3cc2c1,-6.96,8,train
"1,2,3-Trimethylbenzene ",Cc1cccc(C)c1C,-3.2,24,train
Aminocarb,CNC(=O)Oc1ccc(N(C)C)c(C)c1,-2.36,30,train
2-Nonanol,CCCCCCCC(C)O,-2.74,0,train
Methyldymron,CN(C(=O)NC(C)(C)c1ccccc1)c1ccccc1,-3.35,355,test
3-Hexanone,CCCC(=O)CC,-0.83,22,train
bromoxynil,N#Cc1cc(Br)c(O)c(Br)c1,-3.33,217,train
"3,4-PCB",Clc1ccc(-c2ccccc2)cc1Cl,-6.39,2,train
Mefenacet,CN(C(=O)COc1nc2ccccc2s1)c1ccccc1,-4.873,354,validation
5-hydroxyquinoline,Oc1cccc2ncccc12,-2.54,49,train
Carboxin,CC1=C(C(=O)Nc2ccccc2)SCCO1,-3.14,95,train
Ethoxyzolamide,CCOc1ccc2nc(S(N)(=O)=O)sc2c1,-3.81,353,train
Pentachlorophenol,Oc1c(Cl)c(Cl)c(Cl)c(Cl)c1Cl,-4.28,115,train
Bromochloromethane,ClCBr,-0.89,111,train
metharbital,CCC1(CC)C(=O)NC(=O)N(C)C1=O,-2.23,157,validation
deoxycorticosterone acetate,CC(=O)OCC(=O)C1CCC2C3CCC4=CC(=O)CCC4(C)C3CCC12C,-4.63,6,train
benzylurea,NC(=O)NCc1ccccc1,-0.95,216,validation
Chlortoluron,Cc1ccc(NC(=O)N(C)C)cc1Cl,-3.483,13,train
Linuron,CON(C)C(=O)Nc1ccc(Cl)c(Cl)c1,-3.592,13,train
Cycloheptanol,OC1CCCCCC1,-0.88,156,train
Thiamphenicol,CS(=O)(=O)c1ccc(C(O)C(CO)NC(=O)C(Cl)Cl)cc1,-2.154,182,train
thiopental,CCCC(C)C1(CC)C(=O)NC(=S)NC1=O,-3.36,17,train
acetazolamide,CC(=O)Nc1nnc(S(N)(=O)=O)s1,-2.36,352,test
p-Nitrophenol,O=[N+]([O-])c1ccc(O)cc1,-0.74,9,train
Aldrin,ClC1=C(Cl)C2(Cl)C3C4C=CC(C4)C3C1(Cl)C2(Cl)Cl,-6.307,80,train
Tetrahydrofurane ,C1CCOC1,0.49,194,test
o-Nitroaniline,Nc1ccccc1[N+](=O)[O-],-1.96,9,train
"2,2',3,3'-PCB",Clc1cccc(-c2cccc(Cl)c2Cl)c1Cl,-7.28,4,train
phenylbutazone,CCCCC1C(=O)N(c2ccccc2)N(c2ccccc2)C1=O,-3.81,141,train
"2,6-Dinitrotoluene",Cc1c([N+](=O)[O-])cccc1[N+](=O)[O-],-3.0,9,train
Progesterone,CC(=O)C1CCC2C3CCC4=CC(=O)CCC4(C)C3CCC12C,-4.42,6,train
Chlorazine,CCN(CC)c1nc(Cl)nc(N(CC)CC)n1,-4.4110000000000005,155,train
captafol,O=C1C2CC=CCC2C(=O)N1SC(Cl)(Cl)C(Cl)Cl,-5.4,351,validation
"1,2,4-tribromobenzene",Brc1ccc(Br)c(Br)c1,-4.5,42,train
Oxazepam,O=C1Nc2ccc(Cl)cc2C(c2ccccc2)=NC1O,-3.952,215,train
Secobarbital,C=CCC1(C(C)CCC)C(=O)NC(=O)NC1=O,-2.356,17,train
Carvacrol,Cc1ccc(C(C)C)cc1O,-2.08,131,train
rhodanine,O=C1CSC(=S)N1,-1.77,350,train
Morin,O=c1c(O)c(-c2ccc(O)cc2O)oc2cc(O)cc(O)c12,-3.083,349,test
Kepone,O=C1C2(Cl)C3(Cl)C4(Cl)C(Cl)(Cl)C5(Cl)C3(Cl)C1(Cl)C5(Cl)C24Cl,-5.259,186,test
Disulfiram,CCN(CC)C(=S)SSC(=S)N(CC)CC,-4.86,154,train
Cyclohexane,C1CCCCC1,-3.1,105,train
Dienochlor,ClC1=C(Cl)C(Cl)(C2(Cl)C(Cl)=C(Cl)C(Cl)=C2Cl)C(Cl)=C1Cl,-7.278,348,validation
chlordimeform,Cc1cc(Cl)ccc1N=CN(C)C,-2.86,214,test
Equilenin,CC12CCc3c(ccc4cc(O)ccc34)C1CCC2=O,-5.24,50,train
1-Octanol,CCCCCCCCO,-2.39,0,train
Diethyl sulfide,CCSCC,-1.34,207,validation
"1,2-Dichloroethane",ClCCCl,-1.06,53,train
2-Chloro-2-methylbutane,CCC(C)(C)Cl,-2.51,26,train
1-Chloro-2-bromoethane,ClCCBr,-1.32,114,train
p-Nitroaniline,Nc1ccc([N+](=O)[O-])cc1,-2.37,9,train
Lactose,OCC1OC(OC2C(CO)OC(O)C(O)C2O)C(O)C(O)C1O,-0.244,70,train
RTI 2,CCN1C(=O)c2cccnc2N(CC)c2ncccc21,-2.86,23,train
Chlorobenzene,Clc1ccccc1,-2.38,5,train
1-Nonene ,C=CCCCCCCC,-5.05,0,train
p-Bromoiodobenzene,Brc1ccc(I)cc1,-4.56,42,train
3-Methyl-3-pentanol,CCC(C)(O)CC,-0.36,26,train
Pentylbenzene,CCCCCc1ccccc1,-4.64,11,train
allantoin,NC(=O)NC1NC(=O)NC1=O,-1.6,347,train
Glafenine,O=C(OCC(O)CO)c1ccccc1Nc1ccnc2cc(Cl)ccc12,-4.571000000000001,346,test
"DDD|P,P'-DDD",Clc1ccc(C(c2ccc(Cl)cc2)C(Cl)Cl)cc1,-7.2,15,train
testosterone acetate,CC(=O)OC1CCC2C3CCC4=CC(=O)CCC4(C)C3CCC12C,-5.184,6,train
1-Chloronapthalene,Clc1cccc2ccccc12,-3.93,1,train
RTI 19,CCN1c2ccccc2C(=O)N(C)c2ccccc21,-4.749,23,train
2-Hexanol,CCCCC(C)O,-0.89,14,train
Propylcyclopentane,CCCC1CCCC1,-4.74,128,train
Etomidate,CCOC(=O)c1cncn1C(C)c1ccccc1,-4.735,20,train
"3,4-Dichlorophenol",Oc1ccc(Cl)c(Cl)c1,-1.25,2,train
Cypermethrin,CC1(C)C(C=C(Cl)Cl)C1C(=O)OC(C#N)c1cccc(Oc2ccccc2)c1,-8.017000000000001,35,train
Benzoxazole,c1ccc2ocnc2c1,-1.16,345,validation
1-Pentanol,CCCCCO,-0.6,0,train
"N,N-Diethylaniline",CCN(CC)c1ccccc1,-3.03,11,train
"1,3-Difluorobenzene",Fc1cccc(F)c1,-2.0,75,train
3-chloropropionitrile,N#CCCCl,-0.29,213,validation
t-Pentylbenzene,CC(C)(C)Cc1ccccc1,-4.15,11,train
o-Chloroiodobenzene,Clc1ccccc1I,-3.54,4,train
Benzotriazole,c1ccc2[nH]nnc2c1,-0.78,344,train
Carbofuran,CNC(=O)Oc1cccc2c1OC(C)(C)C2,-2.8,66,train
"2,6-Dimethylphenol",Cc1cccc(C)c1O,-1.29,24,train
3-Methyl-2-butanol,CC(C)C(C)O,-0.18,79,train
benzhydrol,OC(c1ccccc1)c1ccccc1,-2.55,63,train
Methyl decanoate,CCCCCCCCCC(=O)OC,-4.69,0,train
Dicapthon,COP(=S)(OC)Oc1ccc([N+](=O)[O-])cc1Cl,-4.31,47,train
1-Bromo-2-methylpropane,CC(C)CBr,-2.43,153,test
Iodoethane,CCI,-1.6,64,train
Pirimicarb,Cc1nc(N(C)C)nc(OC(=O)N(C)C)c1C,-1.95,343,test
1-Bromohexane,CCCCCCBr,-3.81,0,train
2-Methylpentane,CCCC(C)C,-3.74,65,train
Tetrafluthrin,Cc1c(F)c(F)c(COC(=O)C2C(C=C(Cl)C(F)(F)F)C2(C)C)c(F)c1F,-7.321000000000001,35,train
Metolachlor,CCc1cccc(C)c1N(C(=O)CCl)C(C)COC,-2.73,113,train
nifuroxime,O=[N+]([O-])c1ccc(C=NO)o1,-2.19,212,train
Fluvalinate,CC(C)C(Nc1ccc(C(F)(F)F)cc1Cl)C(=O)OC(C#N)c1cccc(Oc2ccccc2)c1,-8.003,35,train
Amitrole,Nc1nc[nH]n1,0.522,342,validation
Tribromomethane,BrC(Br)Br,-1.91,89,train
Trichlorfon,COP(=O)(OC)C(O)C(Cl)(Cl)Cl,-0.22,341,train
Phosalone,CCOP(=S)(OCC)SCn1c(=O)oc2cc(Cl)ccc21,-5.233,211,test
Phenylmethanol,OCc1ccccc1,-0.4,11,train
Coumatetralyl,O=c1oc2ccccc2c(O)c1C1CCCc2ccccc21,-2.84,340,test
4-Bromophenol,Oc1ccc(Br)cc1,-1.09,7,train
2-Bromopropane,CC(C)Br,-1.59,152,validation
"2,2,4-Trimethylpentane",CC(C)CC(C)(C)C,-4.74,151,train
"1,3,5-Trinitrobenzene",O=[N+]([O-])c1cc([N+](=O)[O-])cc([N+](=O)[O-])c1,-2.89,9,train
Nimetazepam,CN1C(=O)CN=C(c2ccccc2)c2cc([N+](=O)[O-])ccc21,-3.796,108,train
Propane,CCC,-1.94,64,train
Minoxidil,Nc1cc(N2CCCCC2)nc(N)[n+]1[O-],-1.989,339,validation
1-aminoacridine,Nc1cccc2nc3ccccc3cc12,-4.22,150,train
Benzo(k)fluoranthene,c1ccc2cc3c(cc2c1)-c1cccc2cccc-3c12,-8.49,34,train
Dicofol,OC(c1ccc(Cl)cc1)(c1ccc(Cl)cc1)C(Cl)(Cl)Cl,-5.666,149,test
Acenapthene,c1cc2c3c(cccc3c1)CC2,-4.63,34,train
"1,4-Dibromobenzene",Brc1ccc(Br)cc1,-4.07,42,train
Methazole,Cn1c(=O)on(-c2ccc(Cl)c(Cl)c2)c1=O,-2.82,338,train
p-Phenylphenol,Oc1ccc(-c2ccccc2)cc1,-3.48,5,train
pyracarbolid,CC1=C(C(=O)Nc2ccccc2)CCCO1,-2.56,10,train
Ethyl vinyl ether,C=COCC,-0.85,210,validation
1-Butyne,C#CCC,-1.24,54,train
4-methoxypteridine,COc1ncnc2nccnc12,-1.11,209,test
3-Methyl-3-heptanol,CCCCC(C)(O)CC,-1.6,26,train
"1,4-Dichlorobenzene",Clc1ccc(Cl)cc1,-3.27,2,train
3-Ethanoyloxymethylphenytoin,CC(=O)OCN1C(=O)NC(c2ccccc2)(c2ccccc2)C1=O,-4.47,61,train
"Sparsomycin (3,8mg/ml)",CSCS(=O)CC(CO)NC(=O)C=Cc1c(C)[nH]c(=O)[nH]c1=O,-1.981,337,test
3-methylindole,Cc1c[nH]c2ccccc12,-2.42,138,train
2-methoxypteridine,COc1ncc2nccnc2n1,-1.11,148,validation
Dioxacarb,CNC(=O)Oc1ccccc1C1OCCO1,-1.57,30,train
isocarbamid,CC(C)CNC(=O)N1CCNC1=O,-2.15,336,validation
Acetonitrile,CC#N,0.26,335,train
Fenoxycarb,CCOC(=O)NCCOc1ccc(Oc2ccccc2)cc1,-4.7,147,train
acetyl sulfisoxazole,CC(=O)N(c1onc(C)c1C)S(=O)c1ccc(N)cc1,-3.59,334,test
"1,1,1,2-Tetrachloroethane",ClCC(Cl)(Cl)Cl,-2.18,333,validation
1-Butanol,CCCCO,0.0,0,train
Siduron,CC1CCCCC1NC(=O)Nc1ccccc1,-4.11,10,train
"1,3,5-Trichlorobenzene",Clc1cc(Cl)cc(Cl)c1,-4.48,19,train
Furfural,O=Cc1ccco1,-0.1,332,train
3-Methylbutan-1-ol,CC(C)CCO,-0.51,38,train
piperonal,O=Cc1ccc2c(c1)OCO2,-1.63,173,test
2-Methylpropene,C=C(C)C,-2.33,112,train
Benzaldehyde,O=Cc1ccccc1,-1.19,48,train
"2,3-Dimethyl-1,3-Butadiene",C=C(C)C(=C)C,-2.4,112,train
Benfuracarb,CCOC(=O)CCN(SN(C)C(=O)Oc1cccc2c1OC(C)(C)C2)C(C)C,-4.71,66,train
RTI 10,CN1C(=O)c2cccnc2Oc2ccccc21,-3.672,23,train
Fluorene ,c1ccc2c(c1)Cc1ccccc1-2,-5.0,78,train
Methylcyclohexane ,CC1CCCCC1,-3.85,96,train
sulfaguanidine,N=C(N)NS(=O)(=O)c1ccc(N)cc1,-1.99,146,test
Methylparaben,COC(=O)c1ccc(O)cc1,-1.827,36,train
2-Methyltetrahydrofurane,CC1CCCO1,0.11,205,train
Santonin,CC1=C2C3OC(=O)C(C)C3CCC2(C)C=CC1=O,-3.09,331,test
Salicin,OCc1ccccc1OC1OC(CO)C(O)C(O)C1O,-0.85,70,train
1-Iodopropane,CCCI,-2.29,91,train
Ametryn,CCNc1nc(NC(C)C)nc(SC)n1,-3.04,37,train
1-Propanol,CCCO,0.62,21,train
Hydroxyprogesterone-17a,CC(=O)C1(O)CCC2C3CCC4=CC(=O)CCC4(C)C3CCC21C,-3.817,6,train
2-Pentanol,CCCC(C)O,-0.29,14,train
benzoin,O=C(c1ccccc1)C(O)c1ccccc1,-2.85,63,train
"2,4-Dimethylphenol",Cc1ccc(O)c(C)c1,-1.19,7,train
m-Chloronitrobenzene ,O=[N+]([O-])c1cccc(Cl)c1,-2.77,9,train
ampyrone,Cc1c(N)c(=O)n(-c2ccccc2)n1C,-0.624,125,train
"2,2',4,5'-PCB",Clc1ccc(-c2cc(Cl)ccc2Cl)c(Cl)c1,-6.57,2,train
"Hexachloro-1,3-butadiene",ClC(Cl)=C(Cl)C(Cl)=C(Cl)Cl,-4.92,183,validation
Terbutryn,CCNc1nc(NC(C)(C)C)nc(SC)n1,-4.0,71,train
3-Methyl-2-pentanol,CCC(C)CCO,-0.71,77,train
2-methylpteridine,Cc1ncc2nccnc2n1,-0.12,72,train
Danazol,C#CC1(O)CCC2C3CCC4=Cc5oncc5CC4(C)C3CCC21C,-5.507000000000001,90,test
1-Iodobutane,CCCCI,-2.96,0,train
"Digoxin (L1=41,8mg/mL, L2=68,2mg/mL, Z=40,1mg/mL)",CC1OC(OC2C(O)CC(OC3C(O)CC(OC4CCC5(C)C(CCC6C5CC(O)C5(C)C(C7=CC(=O)OC7)CCC65O)C4)OC3C)OC2C)CC(O)C1O,-4.081,204,test
Benzyltrifluoride,FC(F)(F)c1ccccc1,-2.51,109,train
Dihexyl phthalate,CCCCCCOC(=O)c1ccccc1C(=O)OCCCCCC,-6.144,20,train
Dibenzothiophene,c1ccc2c(c1)sc1ccccc12,-4.38,208,train
"2,3',4,4'-PCB",Clc1ccc(-c2ccc(Cl)c(Cl)c2Cl)c(Cl)c1,-7.8,2,train
"2,2',3,3',4,4'-PCB",Clc1ccc(-c2ccc(Cl)c(Cl)c2Cl)c(Cl)c1Cl,-8.01,4,train
Warfarin,CC(=O)CC(c1ccccc1)c1c(O)c2ccccc2oc1=O,-3.893,130,train
hydrobenzoin,OC(c1ccccc1)C(O)c1ccccc1,-1.93,63,train
Dimethyl phthalate,COC(=O)c1ccccc1C(=O)OC,-1.66,36,train
Ethyl octanoate,CCCCCCCC(=O)OCC,-3.39,3,train
Diethyldisulfide,CCSSCC,-2.42,207,validation
"1,2-Diethoxyethane ",CCOCCOCC,-0.77,82,train
"1,2,4,5-Tetrachlorobenzene",Clc1cc(Cl)c(Cl)cc1Cl,-5.56,2,train
p-benzidine,Nc1ccc(-c2ccc(N)cc2)cc1,-2.7,51,train
1-Heptene,C=CCCCCC,-3.73,0,train
Ethirimol,CCCCc1c(C)nc(NCC)[nH]c1=O,-3.028,195,train
Pentobarbital,CCCC(C)C1(CC)C(=O)NC(=O)NC1=O,-2.39,17,train
o-Chloroaniline,Nc1ccccc1Cl,-1.52,4,train
3-Chloroanisole,COc1cccc(Cl)c1,-2.78,16,train
Pebulate,CCCCN(CC)C(=O)SCCC,-3.53,330,validation
Butyl acetate,CCCCOC=O,-1.37,62,train
Prednisolone,CC12C=CC(=O)C=C1CCC1C2C(O)CC2(C)C1CCC2(O)C(=O)CO,-3.18,32,train
Bromodichloromethane,ClC(Cl)Br,-1.54,89,train
adrenosterone,CC12CC(=O)C3C(CCC4=CC(=O)CCC43C)C1CCC2=O,-3.48,6,train
p-terphenyl,c1ccc(-c2ccc(-c3ccccc3)cc2)cc1,-7.11,5,train
p-Hydroxybenzaldehyde ,O=Cc1ccc(O)cc1,-0.96,48,train
Bromomethane,CBr,-0.79,329,train
Perfluidone,Cc1cc(S(=O)(=O)c2ccccc2)ccc1NS(=O)(=O)C(F)(F)F,-3.8,174,train
Coumachlor,CC(=O)CC(c1ccc(Cl)cc1)c1c(O)c2ccccc2oc1=O,-5.839,130,train
2-Ethylnaphthalene,CCc1ccc2ccccc2c1,-4.29,8,train
5-methylcytosine,Cc1c[nH]c(=O)nc1N,-1.4580000000000002,133,train
"2,3,4,5,6-PCB",Clc1c(Cl)c(Cl)c(-c2ccccc2)c(Cl)c1Cl,-7.92,5,train
benodanil,O=C(Nc1ccccc1)c1ccccc1I,-4.21,10,train
Riboflavin,Cc1cc2nc3c(=O)[nH]c(=O)nc-3n(CC(O)C(O)C(O)CO)c2cc1C,-3.685,328,test
o-Fluorobromobenzene,Fc1ccccc1Br,-2.7,57,train
"2,4-Dichlorophenol ",Oc1ccc(Cl)cc1Cl,-1.55,2,train
Permethrin,CC1(C)C(C=C(Cl)Cl)C1C(=O)OCc1cccc(Oc2ccccc2)c1,-6.291,35,train
piroxicam,CN1C(C(=O)Nc2ccccn2)=C(O)c2ccccc2S1(=O)=O,-4.16,327,validation
3-Propanoyloxymethylphenytoin,CCC(=O)OCN1C(=O)NC(c2ccccc2)(c2ccccc2)C1=O,-4.907,61,train
Cyclopentane ,C1CCCC1,-2.64,105,train
o-Toluidine,Cc1ccccc1N,-2.21,24,train
Estragole,C=CCc1ccc(OC)cc1,-2.92,48,train
karbutilate,CN(C)C(=O)Nc1cccc(OC(=O)NC(C)(C)C)c1,-2.93,33,train
3-Methyl-1-Butene,C=CC(C)C,-2.73,326,train
2-Hydroxypyridine,Oc1ccccn1,1.02,190,test
Ethane,CC,-1.36,325,test
"1,2-Dichlorobenzene",Clc1ccccc1Cl,-3.05,2,train
mercaptobenzothiazole,Sc1nc2ccccc2s1,-3.18,324,validation
"2,2',3,3',4,4',5,5',6,6'-PCB",Clc1c(Cl)c(Cl)c(-c2c(Cl)c(Cl)c(Cl)c(Cl)c2Cl)c(Cl)c1Cl,-11.6,19,train
Methoxsalen,COc1c2occc2cc2ccc(=O)oc12,-3.664,198,test
Acetamide,CC(N)=O,1.58,139,train
1-Methylnaphthalene,Cc1cccc2ccccc12,-3.7,1,train
Napropamide,CCN(CC)C(=O)C(C)Oc1cccc2ccccc12,-3.57,206,test
"3,3-Dimethyl-2-butanol",CC(O)C(C)(C)C,-0.62,79,train
Methyl pentanoate,CCCC(=O)OCC,-1.36,3,train
Menadione,CC1=CC(=O)c2ccccc2C1=O,-3.03,121,train
Phenanthrene,c1ccc2c(c1)ccc1ccccc12,-5.26,1,train
"2,4-Dimethylpyridine",Cc1ccnc(C)c1,0.38,323,train
1-Nonanol,CCCCCCCCCO,-3.01,0,train
Dibromomethane,BrCBr,-1.17,111,train
Dexamethasone,CC1CC2C3CCC4=CC(=O)C=CC4(C)C3(F)C(O)CC2(C)C1(O)C(=O)CO,-3.59,32,train
"2,6-Dimethylnaphthalene ",Cc1ccc2cc(C)ccc2c1,-4.89,8,train
Butylate,CCSC(=O)N(CC(C)C)CC(C)C,-3.68,322,test
nitroglycerin,O=[N+]([O-])OCC(CO[N+](=O)[O-])O[N+](=O)[O-],-2.22,321,validation
m-Nitroaniline,Nc1cccc([N+](=O)[O-])c1,-2.19,9,train
1-Chlorobutane,CCCCCl,-2.03,0,train
triforine,O=CNC(N1C=CN(C(NC=O)C(Cl)(Cl)Cl)C=C1)C(Cl)(Cl)Cl,-4.19,320,train
Fluridone,Cn1cc(-c2ccccc2)c(=O)c(-c2cccc(C(F)(F)F)c2)c1,-4.445,319,test
6-aminochrysene,Nc1cc2c3ccccc3ccc2c2ccccc12,-6.2,1,train
Estrone,CC12CCC3c4ccc(O)cc4CCC3C1CCC2=O,-3.955,50,train
RTI 17,CCN1c2ccccc2N(C)C(=S)c2cccnc21,-4.706,23,train
"1,2-Propylene oxide",CC1CO1,-0.59,205,train
Nitrazepam,O=C1CN=C(c2ccccc2)c2cc([N+](=O)[O-])ccc2N1,-3.796,108,train
"1,3-diethylthiourea",CCNC(=S)NCC,-1.46,318,validation
"2,3,5-Trichlorophenol",Oc1cc(Cl)cc(Cl)c1Cl,-2.67,19,train
Propyl propanoate,CCCCC(=O)OC,-1.34,3,train
Aniline ,Nc1ccccc1,-0.41,5,train
"1,5-Dimethlnapthalene",Cc1cccc2c(C)cccc12,-4.678999999999999,24,train
hydrochlorothiazide,NS(=O)(=O)c1cc2c(cc1Cl)NCNS2(=O)=O,-2.63,134,train
Acenapthylene,C1=Cc2cccc3cccc1c23,-3.96,34,train
Ethyl butyrate,CCCCCOC(=O)CC,-1.28,3,train
Atratone,CCNc1nc(NC(C)C)nc(OC)n1,-2.084,37,train
Benzo(a)pyrene,c1ccc2c(c1)cc1ccc3cccc4ccc2c1c34,-8.699,1,train
Bromoethane,CCBr,-1.09,44,train
3-Hexyne,CCC#CCC,-1.99,145,train
Digitoxin,CC1OC(OC2C(O)CC(OC3C(O)CC(OC4CCC5(C)C(CCC6C5CCC5(C)C(C7=CC(=O)OC7)CCC65O)C4)OC3C)OC2C)CC(O)C1O,-5.292999999999999,204,test
2-Methyl-1-Butene,C=C(C)CC,-2.73,28,train
8-quinolinol,Oc1cccc2cccnc12,-2.42,49,train
"1,2,3,4-Tetrahydronapthalene",c1ccc2c(c1)CCCC2,-4.37,78,train
phenolphthalein,O=C1OC(c2ccc(O)cc2)(c2ccc(O)cc2)c2ccccc21,-2.9,317,train
"1,3,5-Tribromobenzene",Brc1cc(Br)cc(Br)c1,-5.6,42,train
Ronnel,COP(=S)(OC)Oc1cc(Cl)c(Cl)cc1Cl,-5.72,88,train
methylthiouracil,Cc1cc(=O)[nH]c(=S)[nH]1,-2.436,316,test
Eugenol,C=CCc1ccc(O)c(OC)c1,-1.56,203,validation
5-Allyl-5-isopropylbarbital,C=CCC1(C(C)C)C(=O)NC(=O)NC1=O,-1.7080000000000002,17,train
Pyrene,c1cc2ccc3cccc4ccc(c1)c2c34,-6.176,1,train
"1,1-Diethoxyethane ",CCOC(C)OCC,-0.43,315,validation
Clomazone,CC1(C)CON(Cc2ccccc2Cl)C1=O,-2.338,314,train
2-Butoxyethanol,CCCCOCCO,-0.42,18,train
Quintozene,O=[N+]([O-])c1c(Cl)c(Cl)c(Cl)c(Cl)c1Cl,-5.82,313,test
Flurochloridone,O=C1C(Cl)C(CCl)CN1c1cccc(C(F)(F)F)c1,-4.047,312,validation
Quinoline,c1ccc2ncccc2c1,-1.3,49,train
methyl gallate,COC(=O)c1cc(O)c(O)c(O)c1,-1.24,36,train
fluconazole,OC(Cn1cncn1)(Cn1cncn1)c1ccc(F)cc1F,-1.8,202,validation
Chlorzoxazone,O=c1[nH]c2cc(Cl)ccc2o1,-2.8310000000000004,311,train
"2,2',3,4,4',5',6-PCB",Clc1ccc(-c2c(Cl)c(Cl)c(Cl)c(Cl)c2Cl)c(Cl)c1,-7.92,2,train
alloxan,O=C1NC(=O)C(=O)C(=O)N1,-1.25,94,train
"1,3-Dichloropropane",ClCCCCl,-1.62,76,test
m-Fluorobromobenzene,Fc1cccc(Br)c1,-2.67,75,train
p-Chlorobromobenzene,Clc1ccc(Br)cc1,-3.63,15,train
"2,3-Dimethylbutane",CC(C)C(C)C,-3.65,45,train
1-Butene,C=CCC,-1.94,27,train
"2,2',3,4,5,5'-PCB",Clc1ccc(Cl)c(-c2cc(Cl)c(Cl)c(Cl)c2Cl)c1,-7.68,2,train
cytosine,Nc1cc[nH]c(=O)n1,-1.155,133,train
"1,1,2-Trichlorotrifluoroethane",FC(F)(Cl)C(F)(Cl)Cl,-3.04,177,train
Propionitrile,CCC#N,0.28,145,train
"O,P'-DDD",Clc1ccc(C(c2ccccc2Cl)C(Cl)Cl)cc1,-6.51,201,train
o-Nitroanisole,COc1ccccc1[N+](=O)[O-],-1.96,29,train
Prasterone,CC12CCC3C(CC=C4CC(O)CCC43C)C1CCC2=O,-4.12,50,train
Procymidone,CC12CC1(C)C(=O)N(c1cc(Cl)cc(Cl)c1)C2=O,-4.8,191,train
Benzo[ghi]perylene,c1cc2ccc3ccc4ccc5cccc6c(c1)c2c3c4c56,-9.018,1,train
Dinoseb,CCC(C)c1cc([N+](=O)[O-])cc([N+](=O)[O-])c1O,-3.38,144,validation
meconin,COC1=C(OC)C2C(=O)OCC2C=C1,-1.899,310,test
Glycerol,OCC(O)CO,1.12,196,validation
Guaiacol|o-Methoxyphenol,COc1ccccc1O,-1.96,24,train
chlorpyrifos,CCOP(=S)(OCC)Oc1nc(Cl)c(Cl)cc1Cl,-5.67,110,train
9-Methylanthracene,Cc1c2ccccc2cc2ccccc12,-5.89,1,train
Antipyrene,Cc1cc(=O)n(-c2ccccc2)n1C,0.715,125,train
Methyl butyl ether ,CCCCOC,-0.99,0,train
7-methylpteridine,Cc1cnc2cncnc2n1,-0.8540000000000001,72,train
simazine,CCNc1nc(Cl)nc(NCC)n1,-4.55,37,train
"N,N-Dimethylacetamide",CC(=O)N(C)C,1.11,176,test
Simetryn,CSc1nc(N(C)C)nc(N(C)C)n1,-2.676,189,validation
Ethylene,C=C,-0.4,309,validation
"3,3-Dimethyl-1-butanol",CC(C)(C)CCO,-0.5,143,train
5-Allyl-5-ethylbarbital,C=CCC1(CC)C(=O)NC(=O)NC1=O,-1.614,17,train
"2,3,4-Trichlorophenol",Oc1ccc(Cl)c(Cl)c1Cl,-2.67,4,train
Anisole,COc1ccccc1,-1.85,48,train
chloropropylate,CC(C)OC(=O)C(O)(c1ccc(Cl)cc1)c1cccc(Cl)c1,-4.53,85,train
aldosterone,CC12CCC(=O)C=C1CCC1C2C(O)CC2(C=O)C(C(=O)CO)CCC12,-3.85,6,train
Difenoxuron,COc1ccc(Oc2ccc(NC(=O)N(C)C)cc2)cc1,-4.16,13,train
4-Ethyltoluene,CCc1ccc(C)cc1,-3.11,7,train
Diisopropylsulfide,CC(C)SC(C)C,-2.24,308,train
"1,3-Dinitrobenzene",O=[N+]([O-])c1cccc([N+](=O)[O-])c1,-2.29,9,train
Ethion,CCOP(=S)(OCC)SCSP(=S)(OCC)OCC,-5.54,68,train
probarbital|5-Ethyl-5-isopropylbarbituric acid,CCC1(C(C)C)C(=O)NC(=O)NC1=O,-2.1790000000000003,17,train
cortisone acetate,CC(=O)OCC(=O)C1(O)CCC2C3CCC4=CC(=O)CCC4(C)C3C(=O)CC21C,-4.21,6,train
Metronidazole|Metranidazole,Cc1ncc([N+](=O)[O-])n1CCO,-1.24,307,test
p-Chloroaniline,Nc1ccc(Cl)cc1,-1.66,15,train
"2,2-Dimethylpentanol",CCCC(C)(C)CO,-1.52,74,train
Furane,c1ccoc1,-0.82,306,validation
Methoproptryne,COCCCNc1nc(NC(C)C)nc(SC)n1,-2.928,87,validation
Norea,CN(C)C(=O)NC1CC2CC1C1CCCC21,-3.1710000000000003,187,train
t-Butylbenzene ,CC(C)(C)c1ccccc1,-3.66,109,train
kebuzone,CC(=O)CCC1C(=O)N(c2ccccc2)N(c2ccccc2)C1=O,-3.27,141,train
prednisolone acetate,CC(=O)OCC(=O)C1(O)CCC2C3CCC4=CC(=O)C=CC4(C)C3C(O)CC21C,-4.37,39,train
Methyl propyl ether ,CCCOC,-0.39,82,train
Isopropyl acetate,CC(=O)OC(C)C,-0.55,84,train
Bromobenzene,Brc1ccccc1,-2.55,5,train
Ethyl-p-hydroxybenzoate ,CCOC(=O)c1ccc(O)cc1,-2.35,20,train
3-Butanoyloxymethylphenytoin,CCCC(=O)OCN1C(=O)NC(c2ccccc2)(c2ccccc2)C1=O,-5.071000000000001,61,train
testosterone propionate,CCC(=O)OC1CCC2C3CCC4=CC(=O)CCC4(C)C3CCC12C,-5.37,6,train
Coronene,c1cc2ccc3ccc4ccc5ccc6ccc1c1c2c3c4c5c61,-9.332,86,train
allopurinol,O=c1[nH]cnc2[nH]ncc12,-2.266,200,test
Chloroethylene,C=CCl,-1.75,305,train
diphenamid,CN(C)C(=O)C(c1ccccc1)c1ccccc1,-2.98,142,test
Tetrabromomethane,BrC(Br)(Br)Br,-3.14,304,test
RTI 22,CCN1c2cc(N(C)C)cc(C)c2NC(=O)c2cccnc21,-4.871,23,train
phthalimide,O=C1NC(=O)c2ccccc21,-2.61,121,train
Fenarimol,OC(c1ccc(Cl)cc1)(c1cncnc1)c1ccccc1Cl,-4.38,303,validation
Methyl benzoate ,COC(=O)c1ccccc1,-1.85,10,train
1-methyluracil,Cn1ccc(=O)[nH]c1=O,-0.807,302,train
oxyphenbutazone,CCCCC1C(=O)N(c2ccccc2)N(c2ccc(O)cc2)C1=O,-3.73,141,train
"2,2',3,5'-PCB",Clc1ccc(Cl)c(-c2cccc(Cl)c2Cl)c1,-6.47,2,train
Quinethazone,CCC1NC(=O)c2cc(S(N)(=O)=O)c(Cl)cc2N1,-3.29,199,train
Diuron,CN(C)C(=O)Nc1ccc(Cl)c(Cl)c1,-3.8,13,train
Cyclopentene ,C1=CCCC1,-2.1,123,train
alloxantin,O=C1NC(=O)C(O)(C2(O)C(=O)NC(=O)NC2=O)C(=O)N1,-1.99,46,train
Nonane,CCCCCCCCC,-5.88,0,train
2-Chlorophenol,Oc1ccccc1Cl,-1.06,4,train
5-Methylchrysene,Cc1cc2ccccc2c2ccc3ccccc3c12,-6.59,1,train
Phenetole,CCOc1ccccc1,-2.33,11,train
ethyl cinnamate,CCOC(=O)C=Cc1ccccc1,-3.0,20,train
Terbacil,Cc1[nH]c(=O)n(C(C)(C)C)c(=O)c1Cl,-2.484,301,test
Clonazepam,O=C1CN=C(c2ccccc2Cl)c2cc([N+](=O)[O-])ccc2N1,-3.499,108,train
p-Toluenesulfonamide ,Cc1ccc(S(N)(=O)=O)cc1,-1.74,107,test
Chlorbufam,C#CC(C)OC(=O)Nc1cccc(Cl)c1,-2.617,85,train
2-Methylheptane,CCCCCC(C)C,-5.08,0,train
Cyhalothrin,CC1(C)C(C=C(Cl)C(F)(F)F)C1C(=O)OC(C#N)c1cccc(Oc2ccccc2)c1,-8.176,35,train
Apazone,CCCC1C(=O)N2C(N(C)C)=Nc3ccc(C)cc3N2C1=O,-3.5380000000000003,300,validation
Diazepam,CN1C(=O)CN=C(c2ccccc2)c2cc(Cl)ccc21,-3.754,140,train
2-Methyl-3-pentanol,CCC(O)C(C)C,-0.7,14,train
fensulfothion,CCOP(=S)(OCC)Oc1ccc(S(C)=O)cc1,-2.3,47,train
borneol,CC1(C)C2CCC1(C)C(O)C2,-2.32,299,train
Testosterone,CC12CCC(=O)C=C1CCC1C2CCC2(C)C(O)CCC12,-4.02,6,train
Heptane,CCCCCCC,-4.53,0,train
1-Napthol,Oc1cccc2ccccc12,-2.22,1,train
"cis-1,2-Dimethylcyclohexane",CC1CCCCC1C,-4.3,96,train
Trimazosin,COc1cc2c(N)nc(N3CCN(C(=O)OCC(C)(C)O)CC3)nc2c(OC)c1OC,-3.638,298,test
Cholanthrene,c1cc2c3c(c4ccc5ccccc5c4cc3c1)CC2,-7.85,1,train
Medrogestone,CC(=O)C1(C)CCC2C3C=C(C)C4=CC(=O)CCC4(C)C3CCC21C,-5.27,106,train
2-Heptanone,CCCCCC(C)=O,-1.45,0,train
Acephate,COP(=O)(NC(C)=O)SC,0.54,297,validation
DEF,CCCCSP(=O)(SCCCC)SCCCC,-5.14,296,train
phthalamide,O=C1NC(=O)C2C=CC=CC12,-2.932,295,test
Trichlomethiazide,NS(=O)(=O)c1cc2c(cc1Cl)NC(C(Cl)Cl)NS2(=O)=O,-2.68,134,train
2-Methy-2-Butene,CC=C(C)C,-2.56,294,validation
"1,2,4-Trimethylbenzene",Cc1ccc(C)c(C)c1,-3.31,8,train
"2,4,5-Trichlorophenol ",Oc1cc(Cl)c(Cl)cc1Cl,-2.21,2,train
phenanthridine,c1ccc2c(c1)cnc1ccccc12,-2.78,1,train
3-Methyl-3-hexanol,CCCC(C)(O)CC,-0.98,26,train
Octane,CCCCCCCC,-5.24,0,train
Anthracene,c1ccc2cc3ccccc3cc2c1,-6.35,1,train
Phenylhydrazine,NNc1ccccc1,0.07,60,test
Propionaldehyde,CCC=O,0.58,69,train
Cyclooctane,C1CCCCCCC1,-4.15,105,train
"5,5-Diallylbarbital",C=CCC1(CC=C)C(=O)NC(=O)NC1=O,-2.077,41,train
Trichloromethane,ClC(Cl)Cl,-1.17,45,train
thiouracil,O=c1ccnc(S)[nH]1,-2.273,293,train
Pencycuron,O=C(Nc1ccccc1)N(Cc1ccc(Cl)cc1)C1CCCC1,-5.915,13,train
1-Methylcyclohexene ,CC1=CCCCC1,-3.27,292,test
2-Ethylhexanal,CCCCC(C=O)CC,-2.13,25,train
Khellin,COc1c2occc2c(OC)c2c(=O)cc(C)oc12,-3.0210000000000004,198,test
Benzo(j)fluoranthene,c1ccc2c3c(ccc2c1)-c1cccc2cccc-3c12,-8.0,1,train
2-Ethylbutanal,CCC(C=O)CC,-1.52,197,validation
Dipropyl ether,CCCOCCC,-1.62,18,train
1-Tetradecanol,CCCCCCCCCCCCCCO,-5.84,0,train
"2,3,6-Trichlorophenol",Oc1c(Cl)ccc(Cl)c1Cl,-2.64,4,train
Urea,NC(N)=O,0.96,139,train
1-Pentyne,C#CCCC,-1.64,54,train
"1,3-Dibromobenzene",Brc1cccc(Br)c1,-3.54,42,train
1-Octadecanol,CCCCCCCCCCCCCCCCCCO,-8.4,0,train
Acetanilide,CC(=O)Nc1ccccc1,-1.33,10,train
hematein,O=C1C=C2CC3(O)COc4c(ccc(O)c4O)C3=C2C=C1O,-2.7,291,validation
Isonazid,NNC(=O)c1ccncc1,0.009,290,train
hydroxychlordene,OC1C=CC2C1C1(Cl)C(Cl)=C(Cl)C2(Cl)C1(Cl)Cl,-5.46,80,train
Isopentyl formate,CC(C)CCOC=O,-1.52,62,train
Acetophenone,CC(=O)c1ccccc1,-1.28,10,train
biquinoline,c1ccc2nc(-c3ccc4ccccc4n3)ccc2c1,-5.4,49,train
Triethyl phosphate,CCOP(=O)(OCC)OCC,0.43,289,test
D-fenchone,CC12CCC(C1)C(C)(C)C2=O,-1.85,288,validation
7-methoxypteridine,COc1cnc2cncnc2n1,-0.91,72,train
Chlordene,ClC1=C(Cl)C2(Cl)C3CC=CC3C1(Cl)C2(Cl)Cl,-5.64,80,train
2-Nitropropane,CC(C)[N+](=O)[O-],-0.62,129,train
Carbazole,c1ccc2c(c1)[nH]c1ccccc12,-5.27,138,train
Erythritol,OCC(O)C(O)CO,0.7,196,validation
Risocaine,CCCOC(=O)c1ccc(N)cc1,-2.452,20,train
Azodrin,CNC(=O)C=C(C)OP(=O)(OC)OC,0.6509999999999999,287,train
Succinimide,O=C1CCC(=O)N1,0.3,286,test
"2,3-Dimethylpentane",CCC(C)C(C)C,-4.28,14,train
bupirimate,CCCCc1c(C)nc(NCC)nc1OS(=O)(=O)N(C)C,-4.16,195,train
RTI 16,CCN1c2ncccc2C(=S)N(C)c2cccnc21,-4.634,23,train
RTI 9,CCN1C(=O)c2ccccc2Oc2ccccc21,-3.68,23,train
Tetrahydropyran ,C1CCOCC1,-0.03,194,test
1-Heptyne,C#CCCCCC,-3.01,0,train
osthole,COc1ccc2ccc(=O)oc2c1CC=C(C)C,-4.314,285,validation
3-Methylcholanthrene,Cc1ccc2c(ccc3c4c5c(cccc5cc32)CC4)c1,-7.92,137,validation
Ethyl benzoate ,CCOC(=O)c1ccccc1,-2.32,20,train
1-Chloro-2-methylpropane,CC(C)CCl,-2.0,45,train
Ethinyl estradiol,C#CC1(O)CCC2C3CCc4cc(O)ccc4C3CCC21C,-4.3,50,train
methyl laurate,CCCCCCCCCCCC(=O)OC,-4.69,0,train
Di-n-propylsulfide,CCCSCCC,-2.58,284,train
Napthacene,c1ccc2cc3cc4ccccc4cc3cc2c1,-8.6,1,train
1-Bromopentane,CCCCCBr,-3.08,0,train
trans-2-Heptene ,C/C=C/CCCC,-3.82,27,train
Pentylcyclopentane,CCCCCC1CCCC1,-6.08,128,train
"2,2',3,5,5',6-PCB",Clc1ccc(Cl)c(-c2c(Cl)c(Cl)cc(Cl)c2Cl)c1,-7.42,2,train
"1,1,1-Trichloroethane",CC(Cl)(Cl)Cl,-2.0,136,train
Monolinuron,CON(C)C(=O)Nc1ccc(Cl)cc1,-2.57,13,train
Cyclohexyl-5-spirobarbituric acid,O=C1NC(=O)C2(CCCCC2)C(=O)N1,-3.06,46,train
dimetan,CN(C)C(=O)OC1=CC(=O)CC(C)(C)C1,-0.85,193,validation
4-Bromotoluene,Cc1ccc(Br)cc1,-3.19,7,train
Diethyl ether ,CCOCC,-0.09,82,train
Rovral,CC(C)NC(=O)N1CC(=O)N(c2cc(Cl)cc(Cl)c2)C1=O,-4.376,283,test
Benfluralin,CCCCN(CC)c1c([N+](=O)[O-])cc(C(F)(F)F)cc1[N+](=O)[O-],-5.53,58,train
"2,4,6-Trimethylphenol",Cc1cc(C)c(O)c(C)c1,-2.05,73,validation
Benzene ,c1ccccc1,-1.64,282,validation
p-Chloroiodobenzene,Clc1ccc(I)cc1,-4.03,15,train
Metoxuron,COc1ccc(NC(=O)N(C)C)cc1Cl,-2.564,13,train
propachlor,CC(C)N(C(=O)CCl)c1ccccc1,-2.48,168,train
Styrene,C=Cc1ccccc1,-2.82,192,train
Dimethoxymethane,COCOC,0.48,281,train
o-Xylene ,Cc1ccccc1C,-2.8,8,train
Butan-2-ol,CCC(C)O,0.47,14,train
"1,4-Benzenediol",Oc1ccc(O)cc1,-0.17,7,train
estriol,CC12CCC3c4ccc(O)cc4CCC3C1CC(O)C2O,-4.955,50,train
Benzo(b)fluorene,c1ccc2c(c1)Cc1cc3ccccc3cc1-2,-8.04,78,train
hydantoin,O=C1CNC(=O)N1,-0.4,280,test
4-hexylresorcinol,CCCCCCc1ccc(O)cc1O,-2.59,279,validation
allicin,C=CCSS(=O)CC=C,-0.83,278,train
Coumaphos,CCOP(=S)(OCC)Oc1ccc2oc(=O)c(Cl)c(C)c2c1,-5.382000000000001,47,train
"5,6-Dimethylchrysene",Cc1c(C)c2c3ccccc3ccc2c2ccccc12,-7.01,1,train
Betamethasone-17-valerate,CCCCC(=O)OC1(C(=O)CO)C(C)CC2C3CCC4=CC(=O)C=CC4(C)C3(F)C(O)CC21C,-4.71,32,train
uric acid,O=c1[nH]c(=O)c2[nH]c(=O)[nH]c2[nH]1,-3.93,277,test
"2,3,4,6-Tetrachlorophenol",Oc1c(Cl)cc(Cl)c(Cl)c1Cl,-3.1,19,train
"1,3-Dichlorobenzene",Clc1cccc(Cl)c1,-3.04,2,train
DDT,Clc1ccc(C(c2ccc(Cl)cc2)C(Cl)(Cl)Cl)cc1,-7.15,15,train
Isobutyl formate,CC(C)COC=O,-1.01,104,validation
thioanisole,CSc1ccccc1,-2.39,276,validation
RTI 13,CCN1c2ncccc2C(=O)Nc2c(C(F)(F)F)cc(C)nc21,-4.207,23,train
Hexane ,CCCCCC,-3.84,0,train
methyl nicotinate,COC(=O)c1cccnc1,-0.46,36,train
Bendroflumethiazide,NS(=O)(=O)c1cc2c(cc1C(F)(F)F)NC(Cc1ccccc1)NS2(=O)=O,-3.59,275,train
"2,3,3',4,4',5-PCB",Clc1ccc(-c2cc(Cl)c(Cl)c(Cl)c2Cl)cc1Cl,-7.82,40,train
Vinclozolin,C=CC1(C)OC(=O)N(c2cc(Cl)cc(Cl)c2)C1=O,-4.925,191,train
Cyanazine,CCNc1nc(Cl)nc(NC(C)(C)C#N)n1,-3.15,37,train
Triphenylene,c1ccc2c(c1)c1ccccc1c1ccccc21,-6.726,1,train
Dienestrol,CC=C(C(=CC)c1ccc(O)cc1)c1ccc(O)cc1,-4.95,7,train
Di(2-ethylhexyl)-phthalate,CCCCC(CC)COC(=O)c1ccccc1C(=O)OCC(CC)CCCC,-6.96,59,train
2-Ethyl pyridine,CCc1ccccn1,0.51,190,test
Naled,COP(=O)(OC)OC(Br)C(Cl)(Cl)Br,-2.28,274,test
Biphenyl,c1ccc(-c2ccccc2)cc1,-4.345,5,train
"2,2',4,4',6,6'-PCB",Clc1cc(Cl)c(-c2c(Cl)cc(Cl)cc2Cl)c(Cl)c1,-8.71,2,train
Altretamine,CN(C)c1nc(N(C)C)nc(N(C)C)n1,-3.364,189,validation
"2,4-Dimethyl-2-pentanol ",CC(C)CC(C)(C)O,-0.92,26,train
Cycloheptyl-5-spirobarbituric acid,O=C1NC(=O)C2(CCCCCC2)C(=O)N1,-3.168,46,train
Fructose,OCC1OC(O)(CO)C(O)C1O,0.64,70,train
"3,5-Dimethylphenol",Cc1cc(C)cc(O)c1,-1.4,7,train
Barban,O=C(Nc1cccc(Cl)c1)OCC#CCCl,-4.37,85,train
p-Chloroacetanilide,CC(=O)Nc1ccc(Cl)cc1,-2.843,10,train
"2,2',3,4,5,5',6-PCB",Clc1ccc(Cl)c(-c2c(Cl)c(Cl)c(Cl)c(Cl)c2Cl)c1,-8.94,2,train
"2,2-Dimethylbutane",CCC(C)(C)C,-3.55,26,train
N-Methylaniline ,CNc1ccccc1,-1.28,10,train
"1,4-Pentadiene ",C=CCC=C,-2.09,135,train
Hydrocortisone 21-acetate,CC(=O)OCC(=O)C1(O)CCC2C3CCC4=CC(=O)CCC4(C)C3C(O)CC21C,-4.88,6,train
DNOC,Cc1cc([N+](=O)[O-])cc([N+](=O)[O-])c1O,-1.456,12,train
Lorazepam,O=C1Nc2ccc(Cl)cc2C(c2ccccc2Cl)=NC1O,-3.604,108,train
3-Chlorophenol,Oc1cccc(Cl)c1,-0.7,16,train
m-Chlorobromobenzene,Clc1cccc(Br)c1,-3.21,16,train
chlorothiazide,NS(=O)(=O)c1cc2c(cc1Cl)N=CNS2(=O)=O,-3.05,134,train
5-Methyl-5-ethylbarbituric acid,CCC1(C)C(=O)NC(=O)NC1=O,-1.228,17,train
2-Phenoxyethanol,OCCOc1ccccc1,-0.7,103,train
Diphenylmethane,c1ccc(Cc2ccccc2)cc1,-4.08,5,train
3-Octanol,CCCCCC(O)CC,-1.98,25,train
Flumetralin,CCN(Cc1c(F)cccc1Cl)c1c([N+](=O)[O-])cc(C(F)(F)F)cc1[N+](=O)[O-],-6.78,58,train
Propazine,CC(C)Nc1nc(Cl)nc(NC(C)C)n1,-4.43,37,train
2-Methylpentanol,CCCC(C)CO,-1.11,38,train
2-Methyl-2-hexanol,CCCCC(C)(C)O,-1.08,26,train
Ethylbenzene,CCc1ccccc1,-2.77,11,train
5-(3-Methyl-2-butenyl)-5-ethylbarbital,CCC1(CC=C(C)C)C(=O)NC(=O)NC1=O,-2.253,41,train
Heptachlor,ClC1=C(Cl)C2(Cl)C3C(Cl)C=CC3C1(Cl)C2(Cl)Cl,-6.317,80,train
butallylonal,C=C(Br)CC1(C(C)CC)C(=O)NC(=O)NC1=O,-2.647,17,train
Fenpropathrin,CC1(C)C(C(=O)OC(C#N)c2cccc(Oc3ccccc3)c2)C1(C)C,-6.025,35,train
Methoprene,COC(C)(C)CCCC(C)CC=CC(C)=CC(=O)OC(C)C,-5.19,273,validation
Ethyl propionate,CCOC(=O)CC,-0.66,3,train
Prometryn,CSc1nc(NC(C)C)nc(NC(C)C)n1,-4.1,37,train
Buturon,C#CC(C)N(C)C(=O)Nc1ccc(Cl)cc1,-3.9,13,train
"2,3-Dimethylnaphthalene",Cc1cc2ccccc2cc1C,-4.72,8,train
"2,4',5-PCB",Clc1ccc(-c2cc(Cl)ccc2Cl)cc1,-6.25,2,train
"2,3',4,4',5-PCB",Clc1ccc(-c2cc(Cl)c(Cl)c(Cl)c2Cl)c(Cl)c1,-7.39,2,train
2-cyanoguanidine,N#CN=C(N)N,-0.31,272,train
Chloropicrin,O=[N+]([O-])C(Cl)(Cl)Cl,-2.0,271,test
"2,6-PCB",Clc1cccc(Cl)c1-c1ccccc1,-5.21,4,train
p-Methoxybenzaldehyde,COc1ccc(C=O)cc1,-1.49,48,train
4-Nitroacetanilide,CC(=O)Nc1ccc([N+](=O)[O-])cc1,-2.692,9,train
Ethyl heptanoate,CCCCCCC(=O)OCC,-2.74,3,train
p-Hydroxyacetanilide,CC(=O)Nc1ccc(O)cc1,-1.03,10,train
indazole,c1ccc2[nH]ncc2c1,-2.16,270,validation
triamcinolone acetonide,CC1(C)OC2CC3C4CCC5=CC(=O)C=CC5(C)C4(F)C(O)CC3(C)C2(C(=O)CO)O1,-4.31,32,train
guanine,Nc1nc2[nH]cnc2c(=O)[nH]1,-3.583,269,train
Methyl acetate,COC(C)=O,0.46,102,train
Stanolone,CC12CCC3C(CCC4CC(=O)CCC43C)C1CCC2O,-4.743,6,train
1-Hexene-3-ol,C=CC(O)CCC,-0.59,101,test
norbormide,O=C1NC(=O)C2C3C(C(O)(c4ccccc4)c4ccccn4)=CC(C3=C(c3ccccc3)c3ccccn3)C12,-3.931,268,test
Dibutyl ether ,CCCCOCCCC,-1.85,0,train
1-Dodecanol,CCCCCCCCCCCCO,-4.8,0,train
RTI 6,CCN1c2nc(N(C)CCO)ccc2NC(=O)c2cccnc21,-3.36,23,train
2-Methyl-2-pentanol,CCCC(C)(C)O,-0.49,26,train
Flucytosine,Nc1nc(=O)[nH]cc1F,-0.972,133,train
stadacaine,CCCCOc1ccc(C(=O)OCC)c(N(CC)CC)c1,-3.84,132,test
2-Methyl-2-heptanol,CCCCCC(C)(C)O,-1.72,0,train
Hexamethylbenzene,Cc1c(C)c(C)c(C)c(C)c1C,-5.23,163,train
Thymol,Cc1ccc(C(C)C)c(O)c1,-2.22,131,train
Pteridine,c1cnc2ncncc2n1,0.02,72,train
Parathion,CCOP(=S)(OCC)Oc1ccc([N+](=O)[O-])cc1,-4.66,47,train
Methane,C,-0.9,267,validation
indoline,c1ccc2c(c1)CCN2,-1.04,266,train
1-Nitronapthalene,O=[N+]([O-])c1cccc2ccccc12,-3.54,1,train
3-Methyl-2-pentanone,CCC(C)C(C)=O,-0.67,84,train
isoguanine,Nc1nc(O)nc2nc[nH]c12,-3.401,158,train
bromadiolone,O=c1oc2ccccc2c(O)c1C(CC(O)c1ccc(-c2ccc(Br)cc2)cc1)c1ccccc1,-4.445,130,train
Nitromethane,C[N+](=O)[O-],0.26,129,train
Triallate,CC(C)N(C(=O)SCC(Cl)=C(Cl)Cl)C(C)C,-4.88,179,validation
"1,5-Hexadiene ",C=CCCC=C,-2.68,27,train
Indole,c1ccc2[nH]ccc2c1,-1.52,265,test
Androstenedione,CC12CCC3C(CCC4=CC(=O)CCC43C)C1CCC2=O,-3.69,6,train
1-Hexene,C=CCCCC,-3.23,27,train
Xipamide,Cc1cccc(C)c1NC(=O)c1cc(S(N)(=O)=O)c(Cl)cc1O,-3.79,264,validation
Ethylcyclohexane,CCC1CCCCC1,-4.25,128,train
2-Nonanone,CCCCCCCC(C)=O,-2.58,0,train
Mebendazole,COC(=O)Nc1nc2ccc(C(=O)c3ccccc3)cc2[nH]1,-3.88,263,train
Chloropham,CC(C)OC(=O)Nc1cccc(Cl)c1,-3.38,85,train
RTI 12,CCN1c2ncccc2C(=O)N(C)c2ccc(Cl)nc21,-4.114,23,train
Carbaryl,CNC(=O)Oc1cccc2ccccc12,-3.224,30,train
Ethyne,C#C,0.29,262,test
"3,5-Dimethylpyridine",Cc1cncc(C)c1,0.38,188,test
"1,4-Cyclohexadiene",C1=CCC=CC1,-2.06,261,validation
Mecarbam,CCOC(=O)N(C)C(=O)CSP(=S)(OCC)OCC,-2.518,68,train
1-Phenylethanol,CC(O)c1ccccc1,-0.92,63,train
"1,2-Dichloropropane",CC(Cl)CCl,-1.6,45,train
2-Ethyl-2-hexanal,CCCC=C(C=O)CC,-2.46,69,train
Disulfoton,CCOP(=S)(OCC)SCCSCC,-4.23,68,train
methyltestosterone acetate,CC(=O)OC1(C)CCC2C3CCC4=CC(=O)CCC4(C)C3CCC21C,-5.284,6,train
"2,4,6-PCB",Clc1ccc(-c2c(Cl)cccc2Cl)cc1,-6.14,4,train
difluron,O=C(NC(=O)c1c(F)cccc1F)Nc1ccc(Cl)cc1,-6.02,13,train
Triclosan,Oc1cc(Cl)ccc1Oc1ccc(Cl)cc1Cl,-4.46,2,train
diisooctyl phthalate,CC(C)CCCCCOC(=O)c1ccccc1C(=O)OCCCCCC(C)C,-6.6370000000000005,59,train
Corticosterone,CC12CCC(=O)C=C1CCC1C2C(O)CC2(C)C(C(=O)CO)CCC12,-3.24,6,train
"1,3,5-Trimethylbenzene ",Cc1cc(C)cc(C)c1,-3.4,31,train
dioctyl phthalate,CCCCCCCCOC(=O)c1ccccc1C(=O)OCCCCCCCC,-5.115,20,train
1-Pentadecanol,CCCCCCCCCCCCCCCO,-6.35,0,train
"2,2',6,6'-PCB",Clc1cccc(Cl)c1-c1c(Cl)cccc1Cl,-7.39,4,train
"5,5-Dimethylbarbituric acid",CC1(C)C(=O)NC(=O)NC1=O,-1.742,17,train
2-Iodopropane,CC(C)I,-2.09,127,validation
"1,2-Dinitrobenzene",O=[N+]([O-])c1ccccc1[N+](=O)[O-],-3.1,9,train
3-Methyl-2-butanone,CC(=O)C(C)C,-0.12,84,train
Hexadecane,CCCCCCCCCCCCCCCC,-8.4,0,train
Tricyclazole,Cc1cccc2sc3nncn3c12,-2.07,260,train
2-Octanone,CCCCCCC(C)=O,-2.05,0,train
Methyl nonanoate,CCCCCCCCC(=O)OC,-3.38,0,train
"1,4-Difluorobenzene",Fc1ccc(F)cc1,-1.97,126,train
Thalidomide,O=C1CCC(N2C(=O)c3ccccc3C2=O)C(=O)N1,-2.676,259,test
Trifluralin,CCCN(CCC)c1c([N+](=O)[O-])cc(C(F)(F)F)cc1[N+](=O)[O-],-5.68,58,train
Ethanol,CCO,1.1,21,train
Cyclopentyl-5-spirobarbituric acid,O=C1NC(=O)C2(CCCC2)C(=O)N1,-2.349,46,train
Carbetamide,CCNC(=O)C(C)OC(=O)Nc1ccccc1,-1.83,10,train
phenothrin,CC(C)=CC1C(C(=O)OCc2cccc(Oc3ccccc3)c2)C1(C)C,-5.24,35,train
Cycluron,CN(C)C(=O)NC1CCCCCCC1,-2.218,187,train
Mirex,ClC1(Cl)C2(Cl)C3(Cl)C4(Cl)C(Cl)(Cl)C5(Cl)C3(Cl)C1(Cl)C5(Cl)C24Cl,-6.8,186,test
1-Bromooctane,CCCCCCCCBr,-5.06,0,train
Benomyl,CCCCNC(=O)n1c(NC(=O)OC)nc2ccccc21,-4.883,258,validation
aminopyrine,Cc1c(N(C)C)c(=O)n(-c2ccccc2)n1C,-0.364,125,train
3-Pentanol,CCC(O)CC,-0.24,14,train
p-Nitrotoluene,Cc1ccc([N+](=O)[O-])cc1,-2.49,9,train
4-Methylpentanol,CC(C)CCCO,-1.14,38,train
Norethisterone,C#CC1(O)CCC2C3CCC4=CC(=O)CCC4(O)C3CCC21C,-4.57,6,train
bromopropylate,CC(C)OC(=O)C(O)(c1ccc(Br)cc1)c1ccc(Br)cc1,-4.93,185,validation
Pyrazon,Nc1cnn(-c2ccccc2)c(=O)c1Cl,-2.878,124,train
2-Methylbutan-2-ol,CCC(C)(C)O,0.15,26,train
p-Cresol,Cc1ccc(O)cc1,-0.73,7,train
Ethyl formate,CCOC=O,0.15,62,train
"N,N-Dimethylaniline",CN(C)c1ccccc1,-1.92,184,train
Decalin,C1CCC2CCCCC2C1,-5.19,257,train
Butanethiol ,CCCCS,-2.18,0,train
Benzo(e)pyrene,c1ccc2c(c1)c1cccc3ccc4cccc2c4c31,-7.8,1,train
Tetrachloroethylene,ClC(Cl)=C(Cl)Cl,-2.54,183,validation
3-Pentanone,CCC(=O)CC,-0.28,28,train
Acrylonitrile,C=CC#N,0.15,256,test
Flumethasone,CC1CC2C3CC(F)C4=CC(=O)C=CC4(C)C3(F)C(O)CC2(C)C1(O)C(=O)CO,-5.613,39,train
2-Hexanone,CCCCC(C)=O,-0.8,3,train
Terbumeton,CCNc1nc(NC(C)(C)C)nc(OC)n1,-3.239,71,train
3-Methylheptane,CCCCC(C)CC,-5.16,25,train
"1,2-Dibromoethane",BrCCBr,-1.68,44,train
Isoprocarb,CNC(=O)Oc1ccccc1C(C)C,-2.863,30,train
Niridazole,O=C1NCCN1c1ncc([N+](=O)[O-])s1,-3.22,255,validation
Benzo(a)fluorene,c1ccc2c(c1)Cc1c-2ccc2ccccc12,-6.68,1,train
2-Chloroanisole,COc1ccccc1Cl,-2.46,29,train
Bromophos,COP(=S)(OC)Oc1cc(Cl)c(Br)cc1Cl,-6.09,88,train
Quinonamid,O=C(CC(Cl)Cl)NC1=C(Cl)C(=O)c2ccccc2C1=O,-5.03,254,train
Methyl acrylate,C=CC(=O)OC,-0.22,253,test
Chloroxuron,CN(C)C(=O)Nc1ccc(Oc2ccc(Cl)cc2)cc1,-4.89,13,train
Azobenzene,c1ccc(N=Nc2ccccc2)cc1,-4.45,5,train
4-Isopropyltoluene,Cc1ccc(C(C)C)cc1,-3.77,7,train
"2,6-Dichlorophenol",Oc1c(Cl)cccc1Cl,-1.79,4,train
Sucrose,OCC1OC(OC2(CO)OC(CO)C(O)C2O)C(O)C(O)C1O,0.79,70,train
d-inositol,OC1C(O)C(O)C(O)C(O)C1O,0.35,252,validation
Dyphylline,Cn1c(=O)c2c(ncn2CC(O)CO)n(C)c1=O,-0.17,100,train
Chloramphenicol,O=C(NC(CO)C(O)c1ccc([N+](=O)[O-])cc1)C(Cl)Cl,-2.111,182,train
3-Ethyl-3-pentanol,CCC(O)(CC)CC,-0.85,26,train
Epitostanol,CC12CCC3C(CCC4CC5SC5CC43C)C1CCC2O,-5.41,6,train
"1,2-Dibromobenzene",Brc1ccccc1Br,-3.5,57,train
"2,4,6-Trichlorophenol",Oc1c(Cl)cc(Cl)cc1Cl,-2.34,2,train
oryzalin,CCCN(CCC)c1c([N+](=O)[O-])cc(S(N)(=O)=O)cc1[N+](=O)[O-],-5.16,58,train
RTI 20,O=C1c2ccccc2Cc2ccccc2N1CCF,-4.799,251,train
"2,4-Dimethyl-3-pentanone",CC(C)C(=O)C(C)C,-1.3,84,train
5-(3-Methyl-2-butenyl)-5-isoPrbarbital,CC(C)=CCC1(C(C)C)C(=O)NC(=O)NC1=O,-2.593,17,train
gentisin,COC1=CC2OC3C=CC(O)=CC3C(=O)C2C(O)=C1,-2.943,250,test
Caffeine,Cn1c(=O)c2c(ncn2C)n(C)c1=O,-0.8759999999999999,100,train
Spironolactone,CC(=O)SC1CC2=CC(=O)CCC2(C)C2CCC3(C)C(CCC34CCC(=O)O4)C12,-4.173,99,validation
"3,4-Dimethylphenol",Cc1ccc(O)cc1C,-1.38,7,train
Diphenyl ether ,c1ccc(Oc2ccccc2)cc1,-3.96,5,train
"2,2',4,4',5,5'-PCB",Clc1cc(Cl)c(-c2cc(Cl)c(Cl)cc2Cl)cc1Cl,-8.56,19,train
nicotinamide,NC(=O)c1cccnc1,0.61,98,train
Thiophenol ,Sc1ccccc1,-2.12,5,train
XMC,CNC(=O)Oc1cc(C)cc(C)c1,-2.5810000000000004,30,train
Chlordane,ClC1=C(Cl)C2(Cl)C3C(Cl)C(Cl)CC3C1(Cl)C2(Cl)Cl,-6.86,80,train
Dimethyldisulfide,CSSC,-1.44,181,test
Benzamide,NC(=O)c1ccccc1,-0.96,20,train
o-Chlorobromobenzene,Clc1ccccc1Br,-3.19,4,train
Monotropitoside,COC(=O)c1ccccc1OC1OC(COC2OCC(O)C(O)C2O)C(O)C(O)C1O,-0.742,180,test
3-Heptanol ,CCCCC(O)CC,-1.47,25,train
RTI 15,CCN1c2ncccc2C(=O)Nc2c(C)cc(C)nc21,-4.553999999999999,23,train
"3,5-Dichlorophenol",Oc1cc(Cl)cc(Cl)c1,-1.34,16,train
1-Methylphenanthrene,Cc1cccc2c1ccc1ccccc12,-5.85,1,train
2-Ethyl-1-hexanol,CCCCC(CC)CO,-2.11,25,train
Diallate,CC(C)N(C(=O)SCC(Cl)=CCl)C(C)C,-4.2860000000000005,179,validation
Toluene ,Cc1ccccc1,-2.21,5,train
Nitrapyrin,Clc1cccc(C(Cl)(Cl)Cl)n1,-3.76,249,validation
Cycloheptene,C1=CCCCCC1,-3.18,123,train
Thiram,CN(C)C(=S)SSC(=S)N(C)C,-3.9,154,train
Griseofulvin,COC1=CC(=O)CC(C)C12Oc1c(Cl)c(OC)cc(OC)c1C2=O,-3.2460000000000004,248,train
1-Decanol,CCCCCCCCCCO,-3.63,0,train
"3,3-Dimethylpentane",CCC(C)(C)CC,-4.23,26,train
vamidothion,CNC(=O)C(C)SCCSP(=O)(OC)OC,1.144,247,test
"2,3,4,5-Tetrachlorophenol",Oc1cc(Cl)c(Cl)c(Cl)c1Cl,-3.15,19,train
Butyraldehyde,CCCC=O,-0.01,69,train
dexamethasone acetate,CC(=O)OCC(=O)C1(O)C(C)CC2C3CCC4=CC(=O)C=CC4(C)C3(F)C(O)CC21C,-4.9,39,train
Butane,CCCC,-2.57,0,train
Fluoromethalone,CC(=O)C1(O)CCC2C3CC(C)C4=CC(=O)C=CC4(C)C3(F)C(O)CC21C,-4.099,32,train
Pentachloroethane,ClC(Cl)C(Cl)(Cl)Cl,-2.6,246,validation
Diethyl phthalate ,CCOC(=O)c1ccccc1C(=O)OCC,-2.35,20,train
2-Methylpropan-1-ol,CC(C)CO,0.1,38,train
Isobutylbenzene,CC(C)Cc1ccccc1,-4.12,11,train
Diiodomethane,ICI,-2.34,178,validation
4-Heptanol,CCCC(O)CCC,-1.4,25,train
Pentyl acetate,CCCCCOC(C)=O,-1.89,3,train
"2,3,5,6-Tetrachlorophenol",Oc1c(Cl)c(Cl)cc(Cl)c1Cl,-3.37,19,train
Propylbenzene ,CCCc1ccccc1,-3.37,11,train
"1,2-Dichlorotetrafluoroethane",FC(F)(Cl)C(F)(F)Cl,-2.74,177,train
2-butenal,CC=CC=O,0.32,245,train
tetramethylurea,CN(C)C(=O)N(C)C,0.94,176,test
"1,2,4,5-Tetramethylbenzene",Cc1cc(C)c(C)cc1C,-4.59,8,train
norethindrone acetate,C#CC1(OC(C)=O)CCC2C3CCC4=CC(=O)CCC4C3CCC21C,-4.8,97,train
Ditalimfos,CCOP(=S)(OCC)N1C(=O)c2ccccc2C1=O,-3.35,175,validation
salicylanilide,O=C(Nc1ccccc1)c1ccccc1O,-3.59,10,train
Sulfallate,C=C(Cl)CSC(=S)N(CC)CC,-3.39,154,train
Chloroethane,CCCl,-1.06,53,train
Mefluidide,CC(=O)Nc1cc(NS(=O)(=O)C(F)(F)F)c(C)cc1C,-3.24,174,train
Piperine,O=C(C=CC=Cc1ccc2c(c1)OCO2)N1CCCCC1,-3.46,173,test
cis-2-Pentene,C/C=C\CC,-2.54,244,test
thiofanox,CNC(=O)ON=C(CSC)C(C)(C)C,-1.62,170,train
Cyclooctyl-5-spirobarbituric acid,O=C1NC(=O)C2(CCCCCCC2)C(=O)N1,-2.982,46,train
butacarb,CNC(=O)Oc1cc(C(C)(C)C)cc(C(C)(C)C)c1,-4.24,30,train
Eriodictyol,O=C1CC(c2ccc(O)c(O)c2)Oc2cc(O)cc(O)c21,-3.62,243,validation
Benzophenone,O=C(c1ccccc1)c1ccccc1,-3.12,20,train
Eicosane,CCCCCCCCCCCCCCCCCCCC,-8.172,0,train
hydrazobenzene,c1ccc(NNc2ccccc2)cc1,-2.92,5,train
2-Ethyl-1-butanol,CCC(CC)CO,-1.17,38,train
4-hydroxypyridine,Oc1ccncc1,1.02,122,test
"cis 1,2-Dichloroethylene",Cl/C=C\Cl,-1.3,242,train
Methylcyclopentane,CC1CCCC1,-3.3,96,train
4-Methyl-2-pentanol,CC(C)CC(C)O,-0.8,14,train
RTI 11,Cc1ccc2c(c1)C(=O)N(C)c1cc(N)ccc1O2,-3.928,164,train
"2,2-Dimethylpropanol",CC(C)(C)CO,-0.4,74,train
Triadimefon,CC(C)(C)C(=O)C(Oc1ccc(Cl)cc1)n1cncn1,-3.61,241,test
Isocarboxazid,Cc1cc(C(=O)NNCc2ccccc2)no1,-2.461,240,validation
Propylene,C=CC,-1.08,239,train
Dichlorophen,Oc1ccc(Cl)cc1Cc1cc(Cl)ccc1O,-3.953,172,train
Desmedipham,CCOC(=O)Nc1cccc(OC(=O)Nc2ccccc2)c1,-4.632,30,train
Anthraquinone,O=C1c2ccccc2C(=O)c2ccccc21,-5.19,121,train
2-Octanol,CCCCCCC(C)O,-2.09,0,train
Oxycarboxin,CC1=C(C(=O)Nc2ccccc2)S(=O)(=O)CCO1,-2.281,95,train
Butylbenzene,CCCCc1ccccc1,-4.06,11,train
parabanic acid,O=C1NC(=O)C(=O)N1,-0.4,94,train
Abate,COP(=S)(OC)Oc1ccc(Sc2ccc(OP(=S)(OC)OC)cc2)cc1,-6.237,120,train
Chlorthalidone,NS(=O)(=O)c1cc(C2(O)NC(=O)c3ccccc32)ccc1Cl,-3.451,238,test
Isobutyl acetate,CC(=O)OCC(C)C,-1.21,43,train
"2,2,3-Trimethylbutane",CC(C)C(C)(C)C,-4.36,119,validation
"2,3,3',4,4'6-PCB",Clc1ccc(-c2c(Cl)cc(Cl)c(Cl)c2Cl)c(Cl)c1Cl,-7.66,19,train
Phthalonitrile,N#Cc1ccccc1C#N,-2.38,171,train
m-Nitrotoluene,Cc1cccc([N+](=O)[O-])c1,-2.44,9,train
halothane,FC(F)(F)C(Cl)Br,-1.71,89,train
Oxamyl,CNC(=O)ON=C(SC)C(=O)N(C)C,0.106,170,train
Thiometon,CCSCCSP(=S)(OC)OC,-3.091,68,train
2-Methylbutane,CCC(C)C,-3.18,14,train
Stirofos,COP(=O)(OC)OC(=CCl)c1cc(Cl)c(Cl)cc1Cl,-4.522,237,validation
