canonical_smiles,n_source_records,label_min,label_max,label_range,action
N#CC(OC1OC(COC2OC(CO)C(O)C(O)C2O)C(O)C(O)C1O)c1ccccc1,1,-0.77,-0.77,0.0,keep_unique
Cc1occc1C(=O)Nc1ccccc1,1,-3.3,-3.3,0.0,keep_unique
CC(C)=CCCC(C)=CC=O,1,-2.06,-2.06,0.0,keep_unique
c1ccc2c(c1)ccc1c2ccc2c3ccccc3ccc21,1,-7.87,-7.87,0.0,keep_unique
c1ccsc1,1,-1.33,-1.33,0.0,keep_unique
c1ccc2scnc2c1,1,-1.5,-1.5,0.0,keep_unique
Clc1cc(Cl)c(-c2c(Cl)cccc2Cl)c(Cl)c1,1,-7.32,-7.32,0.0,keep_unique
CC12CCC3c4ccc(O)cc4CCC3C1CCC2O,1,-5.03,-5.03,0.0,keep_unique
ClC1=C(Cl)C2(Cl)C3C4CC(C5OC45)C3C1(Cl)C2(Cl)Cl,1,-6.29,-6.29,0.0,keep_unique
C=C(C)C1Cc2c(ccc3c2OC2COc4cc(OC)c(OC)cc4C2C3=O)O1,1,-4.42,-4.42,0.0,keep_unique
O=C1CCCN1,1,1.07,1.07,0.0,keep_unique
Clc1ccc2ccccc2c1,1,-4.14,-4.14,0.0,keep_unique
C=CCCC,1,-2.68,-2.68,0.0,keep_unique
CCC1(c2ccccc2)C(=O)NCNC1=O,1,-2.64,-2.64,0.0,keep_unique
CCCCCCCCCCCCCC,1,-7.96,-7.96,0.0,keep_unique
CC(C)Cl,1,-1.41,-1.41,0.0,keep_unique
CCC(C)CO,1,-0.47,-0.47,0.0,keep_unique
N#Cc1ccccc1,1,-1.0,-1.0,0.0,keep_unique
CCOP(=S)(OCC)Oc1cc(C)nc(C(C)C)n1,1,-3.64,-3.64,0.0,keep_unique
CCCCCCCCCC(C)O,1,-2.94,-2.94,0.0,keep_unique
Clc1ccc(-c2c(Cl)ccc(Cl)c2Cl)c(Cl)c1,1,-7.43,-7.43,0.0,keep_unique
O=c1[nH]c2c(c(=O)n1C1CCCCC1)CCC2,1,-4.593999999999999,-4.593999999999999,0.0,keep_unique
CCOP(=S)(OCC)SCSCC,1,-4.11,-4.11,0.0,keep_unique
CCOc1ccc(NC(C)=O)cc1,1,-2.35,-2.35,0.0,keep_unique
CCN(CC)c1c([N+](=O)[O-])cc(C(F)(F)F)c(N)c1[N+](=O)[O-],1,-5.47,-5.47,0.0,keep_unique
CCCCCCCO,1,-1.81,-1.81,0.0,keep_unique
Cn1c(=O)c2[nH]cnc2n(C)c1=O,1,-1.39,-1.39,0.0,keep_unique
CCCCC1(CC)C(=O)NC(=O)NC1=O,1,-1.661,-1.661,0.0,keep_unique
ClC(Cl)=C(c1ccc(Cl)cc1)c1ccc(Cl)cc1,1,-6.9,-6.9,0.0,keep_unique
CCCCCCCC(=O)OC,1,-3.17,-3.17,0.0,keep_unique
CCc1ccc(CC)cc1,1,-3.75,-3.75,0.0,keep_unique
CCOP(=S)(OCC)SCSC(C)(C)C,1,-4.755,-4.755,0.0,keep_unique
COC(=O)Nc1cccc(OC(=O)Nc2cccc(C)c2)c1,1,-4.805,-4.805,0.0,keep_unique
C=C(Cl)Cl,1,-1.64,-1.64,0.0,keep_unique
Cc1cccc2c1Cc1ccccc1-2,1,-5.22,-5.22,0.0,keep_unique
CCCCC=O,1,-0.85,-0.85,0.0,keep_unique
c1ccc(Nc2ccccc2)cc1,1,-3.504,-3.504,0.0,keep_unique
CN(C)C(=O)SCCCCOc1ccccc1,1,-3.927,-3.927,0.0,keep_unique
CCCOP(=S)(OCCC)SCC(=O)N1CCCCC1C,1,-4.15,-4.15,0.0,keep_unique
CCCCCCCI,1,-4.81,-4.81,0.0,keep_unique
Clc1cccc(-c2ccccc2)c1,1,-4.88,-4.88,0.0,keep_unique
C=CCCCO,1,-0.15,-0.15,0.0,keep_unique
O=C1NC(=O)C2(CCC2)C(=O)N1,1,-1.655,-1.655,0.0,keep_unique
CC1CCC(C(C)C)C(O)C1,1,-2.53,-2.53,0.0,keep_unique
CC(C)OC=O,1,-0.63,-0.63,0.0,keep_unique
CCCCCC(C)O,1,-1.55,-1.55,0.0,keep_unique
CC(=O)Nc1ccc(Br)cc1,1,-3.083,-3.083,0.0,keep_unique
Nc1cnn(-c2ccccc2)c(=O)c1Br,1,-3.127,-3.127,0.0,keep_unique
COC(=O)C1=C(C)NC(C)=C(C(=O)OC)C1c1ccccc1[N+](=O)[O-],1,-4.76,-4.76,0.0,keep_unique
Cc1ccc2ccc(C)nc2c1,1,-1.94,-1.94,0.0,keep_unique
C#CCCCCCC,1,-3.66,-3.66,0.0,keep_unique
CCC1(C2=CCCCC2)C(=O)NC(=O)NC1=O,1,-2.17,-2.17,0.0,keep_unique
c1ccc2c(c1)ccc1c3ccccc3ccc21,1,-8.057,-8.057,0.0,keep_unique
CCC(C)n1c(=O)[nH]c(C)c(Br)c1=O,1,-2.523,-2.523,0.0,keep_unique
Clc1cccc(-c2c(Cl)c(Cl)cc(Cl)c2Cl)c1Cl,1,-8.6,-8.6,0.0,keep_unique
Cc1ccccc1O,1,-0.62,-0.62,0.0,keep_unique
CC(C)CCC(C)(C)C,1,-5.05,-5.05,0.0,keep_unique
Cc1ccc(C)c2ccccc12,1,-4.14,-4.14,0.0,keep_unique
Cc1cc2c3ccccc3ccc2c2ccccc12,1,-6.57,-6.57,0.0,keep_unique
CCCC(C)=O,1,-0.19,-0.19,0.0,keep_unique
Clc1cc(Cl)c(Cl)c(-c2c(Cl)c(Cl)cc(Cl)c2Cl)c1Cl,1,-9.15,-9.15,0.0,keep_unique
CCCOC(=O)CC,1,-0.82,-0.82,0.0,keep_unique
CC12C=CC(=O)C=C1CCC1C3CC(O)C(O)(C(=O)CO)C3(C)CC(O)C12F,1,-3.68,-3.68,0.0,keep_unique
Nc1ccc(O)cc1,1,-0.8,-0.8,0.0,keep_unique
O=C(Cn1ccnc1[N+](=O)[O-])NCc1ccccc1,1,-2.81,-2.81,0.0,keep_unique
O=C1C(O)=C(C2CCC(c3ccc(Cl)cc3)CC2)C(=O)c2ccccc21,1,-5.931,-5.931,0.0,keep_unique
CCNc1nc(Cl)nc(N(CC)CC)n1,1,-4.06,-4.06,0.0,keep_unique
NC(=O)c1cnccn1,1,-0.667,-0.667,0.0,keep_unique
CCC(Br)(CC)C(=O)NC(N)=O,1,-2.68,-2.68,0.0,keep_unique
Clc1ccccc1-c1ccccc1Cl,1,-5.27,-5.27,0.0,keep_unique
O=C1CN(N=Cc2ccc([N+](=O)[O-])o2)C(=O)N1,1,-3.38,-3.38,0.0,keep_unique
O=[N+]([O-])c1ccc(Oc2ccc(Cl)cc2Cl)cc1,1,-5.46,-5.46,0.0,keep_unique
CC12CCC(CC1=O)C2(C)C,1,-1.96,-1.96,0.0,keep_unique
C=CCC1(c2ccccc2)C(=O)NC(=O)NC1=O,1,-2.369,-2.369,0.0,keep_unique
CCCCC(=O)OCC,1,-2.25,-2.25,0.0,keep_unique
CC(=O)OCCC(C)C,1,-1.92,-1.92,0.0,keep_unique
CCCCCC(=O)OCN1C(=O)NC(c2ccccc2)(c2ccccc2)C1=O,1,-5.886,-5.886,0.0,keep_unique
Clc1cccc(-c2cc(Cl)ccc2Cl)c1,1,-6.01,-6.01,0.0,keep_unique
CCCBr,1,-1.73,-1.73,0.0,keep_unique
CCCC1COC(Cn2cncn2)(c2ccc(Cl)cc2Cl)O1,1,-3.4930000000000003,-3.4930000000000003,0.0,keep_unique
COP(=S)(OC)SCC(=O)N(C)C=O,1,-1.995,-1.995,0.0,keep_unique
Cc1ncnc2nccnc12,1,-0.466,-0.466,0.0,keep_unique
NC(N)=S,1,0.32,0.32,0.0,keep_unique
Cc1ccc(C)cc1,1,-2.77,-2.77,0.0,keep_unique
CCc1ccccc1CC,1,-3.28,-3.28,0.0,keep_unique
ClC(Cl)(Cl)C(Cl)(Cl)Cl,1,-3.67,-3.67,0.0,keep_unique
CC(C)C(C(=O)OC(C#N)c1cccc(Oc2ccccc2)c1)c1ccc(OC(F)F)cc1,1,-6.876,-6.876,0.0,keep_unique
CCC[N+](=O)[O-],1,-0.8,-0.8,0.0,keep_unique
CC1CCC(C(C)C)C(=O)C1,1,-2.35,-2.35,0.0,keep_unique
CCN1c2cc(Cl)ccc2NC(=O)c2cccnc21,1,-5.36,-5.36,0.0,keep_unique
O=[N+]([O-])c1cccc(Cl)c1Cl,1,-3.48,-3.48,0.0,keep_unique
C=CCC1(C(C)CCC)C(=O)NC(=S)NC1=O,1,-3.46,-3.46,0.0,keep_unique
c1ccc2c(c1)-c1cccc3cccc-2c13,1,-6.0,-6.0,0.0,keep_unique
CCCOC(C)C,1,-1.34,-1.34,0.0,keep_unique
Cc1cc(C)c2ccccc2c1,1,-4.29,-4.29,0.0,keep_unique
CCC(=C(CC)c1ccc(O)cc1)c1ccc(O)cc1,1,-4.07,-4.07,0.0,keep_unique
N#Cc1c(Cl)c(Cl)c(Cl)c(C#N)c1Cl,1,-5.64,-5.64,0.0,keep_unique
Clc1ccc(Cl)c(-c2ccc(Cl)c(Cl)c2)c1,1,-7.25,-7.25,0.0,keep_unique
c1ccc(C2CO2)cc1,1,-1.6,-1.6,0.0,keep_unique
CC(C)c1ccccc1,1,-3.27,-3.27,0.0,keep_unique
CC12CCC(=O)C=C1CCC1C2CCC2(C)C(C(=O)CO)CCC12,1,-3.45,-3.45,0.0,keep_unique
Clc1c(Cl)c(Cl)c2nccnc2c1Cl,1,-5.43,-5.43,0.0,keep_unique
OC1COC(O)C(O)C1O,1,0.39,0.39,0.0,keep_unique
ClCCl,1,-0.63,-0.63,0.0,keep_unique
CCc1cccc2ccccc12,1,-4.17,-4.17,0.0,keep_unique
COC=O,1,0.58,0.58,0.0,keep_unique
O=[N+]([O-])c1ccccc1O,1,-1.74,-1.74,0.0,keep_unique
Cc1c[nH]c(=O)[nH]c1=O,1,-1.506,-1.506,0.0,keep_unique
CC(C)C,1,-2.55,-2.55,0.0,keep_unique
OCC1OC(n2cnc3c(O)ncnc32)C(O)C1O,1,-1.23,-1.23,0.0,keep_unique
N#Cc1cc(I)c(O)c(I)c1,1,-3.61,-3.61,0.0,keep_unique
O=C(Nc1ccc([N+](=O)[O-])cc1Cl)c1cc(Cl)ccc1O,1,-4.7,-4.7,0.0,keep_unique
CCCCC,1,-3.18,-3.18,0.0,keep_unique
Oc1ccccc1,1,0.0,0.0,0.0,keep_unique
Nc1ccc2cc3ccccc3cc2c1,1,-5.17,-5.17,0.0,keep_unique
Cn1cnc2c1c(=O)[nH]c(=O)n2C,1,-2.523,-2.523,0.0,keep_unique
c1ccc2cnccc2c1,1,-1.45,-1.45,0.0,keep_unique
COP(=S)(OC)SCC(=O)N(c1ccc(Cl)cc1)C(C)C,1,-4.432,-4.432,0.0,keep_unique
CCCCCCc1ccccc1,1,-5.21,-5.21,0.0,keep_unique
Clc1ccccc1-c1ccccc1,1,-4.54,-4.54,0.0,keep_unique
C=C(C)CCC,1,-3.03,-3.03,0.0,keep_unique
CC(C)C(C)C(C)C,1,-4.8,-4.8,0.0,keep_unique
Clc1cc(Cl)c(Cl)c(Cl)c1Cl,1,-5.65,-5.65,0.0,keep_unique
O=[N+]([O-])c1cccc(O)c1,1,-1.01,-1.01,0.0,keep_unique
C=CCCCCCCCC,1,-5.51,-5.51,0.0,keep_unique
CC(=O)OCC(COC(C)=O)OC(C)=O,1,-0.6,-0.6,0.0,keep_unique
CCCCc1c(C)nc(N(C)C)nc1O,1,-2.24,-2.24,0.0,keep_unique
CC1(C)C(C=C(Cl)Cl)C1C(=O)OC(C#N)c1ccc(F)c(Oc2ccccc2)c1,1,-7.337000000000001,-7.337000000000001,0.0,keep_unique
c1ccncc1,1,0.76,0.76,0.0,keep_unique
CCCCCCCBr,1,-4.43,-4.43,0.0,keep_unique
Cc1ccncc1C,1,0.36,0.36,0.0,keep_unique
CC12CCC(=O)C=C1CCC1C3CCC(O)(C(=O)CO)C3(C)CC(O)C12F,1,-3.43,-3.43,0.0,keep_unique
CCSCc1ccccc1OC(=O)NC,1,-2.09,-2.09,0.0,keep_unique
CCOC(=O)CC(=O)OCC,1,-0.82,-0.82,0.0,keep_unique
C=C(C)C1CC=C(C)CC1,1,-4.26,-4.26,0.0,keep_unique
c1ccc2c(c1)CCC2,1,-3.04,-3.04,0.0,keep_unique
CC(C)(C)c1ccc(O)cc1,1,-2.41,-2.41,0.0,keep_unique
O=C1NC(=O)C2(CC2)C(=O)N1,1,-1.886,-1.886,0.0,keep_unique
Clc1cccc(I)c1,1,-3.55,-3.55,0.0,keep_unique
Brc1cccc2ccccc12,1,-4.35,-4.35,0.0,keep_unique
C/C=C/CC,1,-2.54,-2.54,0.0,keep_unique
Cc1cccc(C)n1,1,0.45,0.45,0.0,keep_unique
ClC=C(Cl)Cl,1,-1.96,-1.96,0.0,keep_unique
Nc1cccc2ccccc12,1,-1.92,-1.92,0.0,keep_unique
Cc1cccc(C)c1,1,-2.82,-2.82,0.0,keep_unique
Oc1ncc2nccnc2n1,1,-1.947,-1.947,0.0,keep_unique
CO,1,1.57,1.57,0.0,keep_unique
CCC1(CCC(C)C)C(=O)NC(=O)NC1=O,2,-2.658,-2.468,0.18999999999999995,aggregate_duplicates
CCC(C)=O,1,0.52,0.52,0.0,keep_unique
O=c1[nH]cc(F)c(=O)[nH]1,1,-1.077,-1.077,0.0,keep_unique
Nc1ncnc2c1ccn2C1OC(CO)C(O)C1O,1,-1.95,-1.95,0.0,keep_unique
Oc1cccc(O)c1,1,0.81,0.81,0.0,keep_unique
CCCCCCO,1,-1.24,-1.24,0.0,keep_unique
CCCCCCl,1,-2.73,-2.73,0.0,keep_unique
C=CC=C,1,-1.87,-1.87,0.0,keep_unique
CCCOC(C)=O,1,-0.72,-0.72,0.0,keep_unique
Oc1ccc2c(c1)CCCC2,1,-1.99,-1.99,0.0,keep_unique
NC(=O)CCl,1,-0.02,-0.02,0.0,keep_unique
COP(=S)(OC)Oc1cc(Cl)c(I)cc1Cl,1,-6.62,-6.62,0.0,keep_unique
Cc1ccc(Cl)cc1,1,-3.08,-3.08,0.0,keep_unique
CSc1nnc(C(C)(C)C)c(=O)n1N,1,-2.253,-2.253,0.0,keep_unique
Cc1ccc(OP(=O)(Oc2cccc(C)c2)Oc2ccccc2C)cc1,1,-6.01,-6.01,0.0,keep_unique
CCCCCC=O,1,-1.3,-1.3,0.0,keep_unique
CCCCOC(=O)c1ccc(N)cc1,1,-3.082,-3.082,0.0,keep_unique
Cc1ccc2c(c1)Oc1ncc(N)cc1C(=O)N2C,1,-3.043,-3.043,0.0,keep_unique
CC(C)=CCC/C(C)=C\CO,1,-2.46,-2.46,0.0,keep_unique
Clc1ccc(-c2ccccc2Cl)cc1,1,-5.28,-5.28,0.0,keep_unique
CCCCCCCC(=O)OCN1C(=O)NC(c2ccccc2)(c2ccccc2)C1=O,1,-6.523,-6.523,0.0,keep_unique
CC[N+](=O)[O-],1,-0.22,-0.22,0.0,keep_unique
C=C(C)CN(CC)c1c([N+](=O)[O-])cc(C(F)(F)F)cc1[N+](=O)[O-],1,-6.124,-6.124,0.0,keep_unique
Clc1ccc(Cl)c(Cl)c1Cl,1,-4.57,-4.57,0.0,keep_unique
CCCC(C)(COC(N)=O)COC(N)=O,1,-1.807,-1.807,0.0,keep_unique
CC(=O)C1CCC2C3CC=C4CC(O)CCC4(C)C3CCC12C,1,-4.65,-4.65,0.0,keep_unique
CI,1,-1.0,-1.0,0.0,keep_unique
CC1CC(C)C(=O)C(C(O)CC2CC(=O)NC(=O)C2)C1,1,-1.13,-1.13,0.0,keep_unique
CCCCCCC(=O)OCN1C(=O)NC(c2ccccc2)(c2ccccc2)C1=O,1,-6.301,-6.301,0.0,keep_unique
CC1=CC(=O)CC(C)(C)C1,1,-1.06,-1.06,0.0,keep_unique
CCC(C)C1(CC)C(=O)NC(=O)NC1=O,1,-2.39,-2.39,0.0,keep_unique
CCCCC(=O)CCCC,1,-2.58,-2.58,0.0,keep_unique
CCC1(c2ccccc2)CCC(=O)NC1=O,1,-2.337,-2.337,0.0,keep_unique
CCC(C)CC,1,-3.68,-3.68,0.0,keep_unique
CCOc1ccc(C(C)(C)COCc2cccc(Oc3ccccc3)c2)cc1,1,-8.6,-8.6,0.0,keep_unique
Cc1ccccc1-n1c(C)nc2ccccc2c1=O,1,-2.925,-2.925,0.0,keep_unique
N#CCCl,1,-0.092,-0.092,0.0,keep_unique
CCOP(=S)(CC)Oc1cc(Cl)c(Cl)cc1Cl,1,-5.752000000000001,-5.752000000000001,0.0,keep_unique
C#CC1(O)CCC2C3CCC4=CC(=O)CCC4(C)C3CCC21C,1,-5.66,-5.66,0.0,keep_unique
c1ccnnc1,1,1.1,1.1,0.0,keep_unique
Clc1cc(Cl)c(Cl)c(Cl)c1,1,-4.63,-4.63,0.0,keep_unique
CC1COC2CC3(C)C(CC4C5C=C6CC(O)CCC6(C)CC5CCC43C)OC2C1,1,-7.32,-7.32,0.0,keep_unique
Nc1ccccc1O,1,-0.72,-0.72,0.0,keep_unique
CCCCCCCCC(=O)OCC,1,-3.8,-3.8,0.0,keep_unique
COCC(=O)N(c1c(C)cccc1C)C(C)C(=O)OC,1,-1.601,-1.601,0.0,keep_unique
CNC(=O)Oc1ccccc1OC(C)C,1,-2.05,-2.05,0.0,keep_unique
CCC(C)Cl,1,-1.96,-1.96,0.0,keep_unique
Oc1ccc2ccccc2c1,1,-2.28,-2.28,0.0,keep_unique
CC(C)Oc1cc(-n2nc(C(C)(C)C)oc2=O)c(Cl)cc1Cl,1,-5.696000000000001,-5.696000000000001,0.0,keep_unique
C#CCCCC,1,-2.36,-2.36,0.0,keep_unique
C#CCCCCCCC,1,-4.24,-4.24,0.0,keep_unique
Cc1ccccc1Cl,1,-3.52,-3.52,0.0,keep_unique
CC(C)OC(C)C,1,-1.1,-1.1,0.0,keep_unique
Nc1ccc(S(=O)(=O)c2ccc(N)cc2)cc1,1,-3.094,-3.094,0.0,keep_unique
CNN,1,1.34,1.34,0.0,keep_unique
C#CC,1,-0.41,-0.41,0.0,keep_unique
CCOP(=S)(OCC)ON=C(C#N)c1ccccc1,1,-4.862,-4.862,0.0,keep_unique
CCNP(=S)(OC)OC(C)=CC(=O)OC(C)C,1,-3.408,-3.408,0.0,keep_unique
C=CC=O,1,0.57,0.57,0.0,keep_unique
O=c1[nH]cnc2nc[nH]c12,1,-2.296,-2.296,0.0,keep_unique
Oc1ccc2ncccc2c1,1,-2.16,-2.16,0.0,keep_unique
Fc1ccccc1,1,-1.8,-1.8,0.0,keep_unique
CCCCl,1,-1.47,-1.47,0.0,keep_unique
CCOC(C)=O,1,-0.04,-0.04,0.0,keep_unique
CCCC(C)(C)C,1,-4.36,-4.36,0.0,keep_unique
Cc1cc(C)c(C)c(C)c1C,1,-4.0,-4.0,0.0,keep_unique
CC12CCC(CC1)C(C)(C)O2,2,-1.74,-1.64,0.10000000000000009,aggregate_duplicates
CCCCOC(=O)CCCCCCCCC(=O)OCCCC,1,-3.896,-3.896,0.0,keep_unique
Clc1ccc(-c2ccc(Cl)cc2)cc1,1,-6.56,-6.56,0.0,keep_unique
Cc1cccnc1C,1,0.38,0.38,0.0,keep_unique
C=C(C)C1CC=C(C)C(=O)C1,1,-2.06,-2.06,0.0,keep_unique
CCOP(=S)(OCC)SCSc1ccc(Cl)cc1,1,-5.736000000000001,-5.736000000000001,0.0,keep_unique
COc1cc(C2c3cc4c(cc3C(OC3OC5COC(C)OC5C(O)C3O)C3COC(=O)C23)OCO4)cc(OC)c1O,1,-3.571,-3.571,0.0,keep_unique
c1cc2cccc3c4cccc5cccc(c(c1)c23)c54,1,-8.804,-8.804,0.0,keep_unique
Cc1ccc([N+](=O)[O-])cc1[N+](=O)[O-],1,-2.82,-2.82,0.0,keep_unique
Brc1ccc2ccccc2c1,2,-4.4,-4.4,0.0,aggregate_duplicates
CNC(=O)Oc1cccc(N=CN(C)C)c1,1,-2.34,-2.34,0.0,keep_unique
COc1cnc2ncncc2n1,1,-1.139,-1.139,0.0,keep_unique
Cc1ccnc2c1NC(=O)c1cccnc1N2C1CC1,1,-3.19,-3.19,0.0,keep_unique
CCOP(=S)(OCC)Oc1nc(Cl)n(C(C)C)n1,1,-3.658,-3.658,0.0,keep_unique
C=CC(=C)C,1,-2.03,-2.03,0.0,keep_unique
C=CC(C)(O)CCC=C(C)C,1,-1.99,-1.99,0.0,keep_unique
COP(=S)(OC)Oc1ccc(SC)c(C)c1,1,-4.57,-4.57,0.0,keep_unique
OC1CCCCC1,1,-0.44,-0.44,0.0,keep_unique
C=CCC1(C)C(=O)NC(=O)NC1=O,1,-1.16,-1.16,0.0,keep_unique
CC12CCC3C(CCC4CC(O)CCC43C)C1CCC2=O,2,-4.402,-4.16,0.242,aggregate_duplicates
OCC(O)C(O)C(O)C(O)CO,2,0.06,1.09,1.03,exclude_conflicting_duplicate
Cc1ccc(-c2ccccc2)cc1,1,-4.62,-4.62,0.0,keep_unique
CCNc1nc(Cl)nc(NC(C)C)n1,1,-3.85,-3.85,0.0,keep_unique
NC(=S)Nc1ccccc1,1,-1.77,-1.77,0.0,keep_unique
CCCC(=O)CCC,1,-1.3,-1.3,0.0,keep_unique
CC(=O)C(C)(C)C,1,-0.72,-0.72,0.0,keep_unique
Oc1ccc(Cl)cc1,1,-0.7,-0.7,0.0,keep_unique
O=C1CCCCC1,1,-0.6,-0.6,0.0,keep_unique
Cc1cccc(N)c1,1,-0.85,-0.85,0.0,keep_unique
N#CC(Cl)(Cl)Cl,1,-2.168,-2.168,0.0,keep_unique
CNc1cnn(-c2cccc(C(F)(F)F)c2)c(=O)c1Cl,1,-4.046,-4.046,0.0,keep_unique
CCCCCCCCC(C)=O,1,-3.3,-3.3,0.0,keep_unique
CCN(CC)c1nc(Cl)nc(NC(C)C)n1,1,-3.785,-3.785,0.0,keep_unique
CCOC(=O)c1ccc(N)cc1,1,-2.616,-2.616,0.0,keep_unique
Clc1ccc(Cl)c(Cl)c1,1,-3.59,-3.59,0.0,keep_unique
Cc1nnc2n1-c1ccc(Cl)cc1C(c1ccccc1Cl)=NC2,1,-4.09,-4.09,0.0,keep_unique
Oc1ccccc1O,1,0.62,0.62,0.0,keep_unique
CCN1c2ncccc2C(=O)N(C)c2cccnc21,1,-2.62,-2.62,0.0,keep_unique
CSC,1,-0.45,-0.45,0.0,keep_unique
Cc1ccccc1Br,1,-2.23,-2.23,0.0,keep_unique
CCOC(N)=O,1,0.85,0.85,0.0,keep_unique
CC(=O)OC1(C(C)=O)CCC2C3C=C(C)C4=CC(=O)CCC4(C)C3CCC21C,1,-5.35,-5.35,0.0,keep_unique
CC(C)C(O)C(C)C,1,-1.22,-1.22,0.0,keep_unique
c1ccc2ccccc2c1,1,-3.6,-3.6,0.0,keep_unique
CCNc1ccccc1,1,-1.7,-1.7,0.0,keep_unique
O=C1NC(=O)C(c2ccccc2)(c2ccccc2)N1,1,-4.097,-4.097,0.0,keep_unique
Cc1c2ccccc2c(C)c2c1ccc1ccccc12,1,-7.02,-7.02,0.0,keep_unique
CCOP(=S)(OCC)SC(CCl)N1C(=O)c2ccccc2C1=O,2,-6.34,-6.34,0.0,aggregate_duplicates
COc1ccc(C(c2ccc(OC)cc2)C(Cl)(Cl)Cl)cc1,1,-6.89,-6.89,0.0,keep_unique
O=C(NC(=O)c1c(F)cccc1F)Nc1cc(Cl)c(F)c(Cl)c1F,1,-7.28,-7.28,0.0,keep_unique
CCCCC(=O)OCN1C(=O)NC(c2ccccc2)(c2ccccc2)C1=O,1,-4.678,-4.678,0.0,keep_unique
CN(C)C(=O)Nc1ccc(Cl)cc1,1,-2.89,-2.89,0.0,keep_unique
OC(Cn1cncn1)(c1ccc(F)cc1)c1ccccc1F,1,-3.37,-3.37,0.0,keep_unique
CC(=O)OCC(=O)C1(O)C(OC(C)=O)CC2C3CCC4=CC(=O)C=CC4(C)C3(F)C(O)CC21C,1,-4.13,-4.13,0.0,keep_unique
CCCCBr,1,-2.37,-2.37,0.0,keep_unique
Brc1cc(Br)c(Br)cc1Br,1,-6.98,-6.98,0.0,keep_unique
CC(=O)CC(C)C,1,-0.74,-0.74,0.0,keep_unique
CCSC(=O)N(CC)C1CCCCC1,1,-3.4,-3.4,0.0,keep_unique
COc1ccc(Cl)cc1,1,-2.78,-2.78,0.0,keep_unique
CC1(C)C(C=C(Br)Br)C1C(=O)OC(C#N)c1cccc(Oc2ccccc2)c1,1,-8.402000000000001,-8.402000000000001,0.0,keep_unique
C=CCC1(C(C)CC)C(=O)NC(=O)NC1=O,1,-2.016,-2.016,0.0,keep_unique
COP(=S)(OC)Oc1ccc([N+](=O)[O-])c(C)c1,1,-4.04,-4.04,0.0,keep_unique
Ic1cccc2ccccc12,1,-4.55,-4.55,0.0,keep_unique
CCS,1,-0.6,-0.6,0.0,keep_unique
ClCC(Cl)Cl,1,-1.48,-1.48,0.0,keep_unique
Cc1cc(OC(=O)N(C)C)n(-c2ccccc2)n1,1,-2.09,-2.09,0.0,keep_unique
NC(=O)c1ccccc1O,1,-1.82,-1.82,0.0,keep_unique
Cc1ccccc1[N+](=O)[O-],1,-2.33,-2.33,0.0,keep_unique
CC(C)C1(C(C)C)C(=O)NC(=O)NC1=O,1,-2.766,-2.766,0.0,keep_unique
CCc1ccccc1C,1,-3.21,-3.21,0.0,keep_unique
CCCCCCCCl,1,-4.0,-4.0,0.0,keep_unique
CCC1(CC)C(=O)NC(=O)NC1=O,1,-2.4,-2.4,0.0,keep_unique
c1ccc(CCc2ccccc2)cc1,1,-4.62,-4.62,0.0,keep_unique
ClC(Cl)C(Cl)Cl,1,-1.74,-1.74,0.0,keep_unique
CCN1c2cc(OC)cc(C)c2NC(=O)c2cccnc21,1,-5.153,-5.153,0.0,keep_unique
Cc1ccc2c(ccc3ccccc32)c1,1,-5.84,-5.84,0.0,keep_unique
CCCCOC(=O)c1ccccc1C(=O)OCCCC,1,-4.4,-4.4,0.0,keep_unique
COc1c(O)c(Cl)c(Cl)c(Cl)c1Cl,1,-4.02,-4.02,0.0,keep_unique
CCN(CC)C(=O)C(Cl)=CCOP(=O)(OC)OC,1,0.523,0.523,0.0,keep_unique
CC12CCC3C(=CCc4cc(O)ccc43)C1CCC2=O,1,-5.282,-5.282,0.0,keep_unique
CCOC(=O)c1ccccc1S(=O)(=O)NN(C=O)c1nc(Cl)cc(OC)n1,1,-4.5760000000000005,-4.5760000000000005,0.0,keep_unique
COc1ccc([N+](=O)[O-])cc1,1,-2.41,-2.41,0.0,keep_unique
CCCCCCCl,1,-3.12,-3.12,0.0,keep_unique
Clc1cc(-c2cc(Cl)c(Cl)c(Cl)c2Cl)c(Cl)c(Cl)c1Cl,1,-9.16,-9.16,0.0,keep_unique
OCC1OC(OCC2OC(OC3(CO)OC(CO)C(O)C3O)C(O)C(O)C2O)C(O)C(O)C1O,1,-0.41,-0.41,0.0,keep_unique
CCCCCCCCCCCCCCCCCCCCCCCCCC,1,-8.334,-8.334,0.0,keep_unique
CCN1c2ccccc2N(C)C(=O)c2cccnc21,1,-3.324,-3.324,0.0,keep_unique
CC(Cl)Cl,1,-1.29,-1.29,0.0,keep_unique
Nc1ccc(S(N)(=O)=O)cc1,1,-1.34,-1.34,0.0,keep_unique
CCCN(CCC)c1c([N+](=O)[O-])cc(C(C)C)cc1[N+](=O)[O-],1,-6.49,-6.49,0.0,keep_unique
ClC1C(Cl)C(Cl)C(Cl)C(Cl)C1Cl,1,-4.64,-4.64,0.0,keep_unique
CCOP(=S)(NC(C)C)Oc1ccccc1C(=O)OC(C)C,1,-4.194,-4.194,0.0,keep_unique
Clc1cccc(Cl)c1Cl,1,-4.0,-4.0,0.0,keep_unique
ClC(Cl)(Cl)Cl,1,-2.31,-2.31,0.0,keep_unique
O=[N+]([O-])c1ccc(Cl)c(Cl)c1,1,-3.2,-3.2,0.0,keep_unique
OC1CCCCCCC1,1,-1.29,-1.29,0.0,keep_unique
CC12CCC(=O)C=C1CCC1C2CCC2(C)C1CCC2(C)O,1,-3.999,-3.999,0.0,keep_unique
CCOc1ccc(NC(N)=O)cc1,1,-2.17,-2.17,0.0,keep_unique
CC1CCC(C)CC1,1,-4.47,-4.47,0.0,keep_unique
c1cnc2c(c1)ccc1ncccc12,1,-2.68,-2.68,0.0,keep_unique
COC(C)(C)C,1,-0.24,-0.24,0.0,keep_unique
CC=Cc1ccc(OC)cc1,1,-3.13,-3.13,0.0,keep_unique
CCCCCCCCCCCCCCCCO,1,-7.0,-7.0,0.0,keep_unique
O=c1cc[nH]c(=O)[nH]1,1,-1.4880000000000002,-1.4880000000000002,0.0,keep_unique
Nc1ncnc2nc[nH]c12,1,-2.12,-2.12,0.0,keep_unique
Clc1cc(Cl)c(-c2cccc(Cl)c2Cl)cc1Cl,1,-7.21,-7.21,0.0,keep_unique
COc1ccc(C(O)(c2cncnc2)C2CC2)cc1,1,-2.596,-2.596,0.0,keep_unique
c1ccc2c(c1)-c1cccc3c1c-2cc1ccccc13,1,-8.23,-8.23,0.0,keep_unique
O=C(Nc1ccccc1)Nc1ccccc1,1,-3.15,-3.15,0.0,keep_unique
CCC1(c2ccccc2)C(=O)NC(=O)NC1=O,2,-2.322,-2.322,0.0,aggregate_duplicates
Clc1ccc(-c2cccc(Cl)c2Cl)cc1,1,-6.29,-6.29,0.0,keep_unique
CC(C)c1ccc(NC(=O)N(C)C)cc1,1,-3.536,-3.536,0.0,keep_unique
CCN(CC)C(=O)CSc1ccc(Cl)nn1,1,-1.716,-1.716,0.0,keep_unique
CCC(C)(C)CO,1,-1.04,-1.04,0.0,keep_unique
CCCOC(=O)CCC,1,-1.75,-1.75,0.0,keep_unique
Cc1c([N+](=O)[O-])cc([N+](=O)[O-])cc1[N+](=O)[O-],1,-3.22,-3.22,0.0,keep_unique
CC(C)OP(=S)(OC(C)C)SCCNS(=O)(=O)c1ccccc1,1,-4.2,-4.2,0.0,keep_unique
C1CCCCCC1,1,-3.51,-3.51,0.0,keep_unique
CCCOC=O,1,-0.49,-0.49,0.0,keep_unique
Cc1ccccc1C(C)C,1,-3.76,-3.76,0.0,keep_unique
Nc1cccc(Cl)c1,1,-1.37,-1.37,0.0,keep_unique
CC(C)CC(C)C,1,-4.26,-4.26,0.0,keep_unique
c1ccc2c(c1)oc1ccccc12,1,-4.6,-4.6,0.0,keep_unique
CCOC1Oc2ccc(OS(C)(=O)=O)cc2C1(C)C,1,-3.42,-3.42,0.0,keep_unique
CN(C)C(=O)Nc1cccc(C(F)(F)F)c1,1,-3.43,-3.43,0.0,keep_unique
c1ccc2nc3ccccc3cc2c1,1,-3.67,-3.67,0.0,keep_unique
CC12CCC(=O)C=C1CCC1C2C(=O)CC2(C)C1CCC2(O)C(=O)CO,1,-3.11,-3.11,0.0,keep_unique
OCC1OC(O)C(O)C(O)C1O,1,0.74,0.74,0.0,keep_unique
Cc1cccc(O)c1,1,-0.68,-0.68,0.0,keep_unique
CC1Cc2ccccc2N1NC(=O)c1ccc(Cl)c(S(N)(=O)=O)c1,1,-3.5860000000000003,-3.5860000000000003,0.0,keep_unique
CCC(C)C(=O)OC1CC(C)C=C2C=CC(C)C(CCC3CC(O)CC(=O)O3)C21,1,-6.005,-6.005,0.0,keep_unique
O=[N+]([O-])c1ccc([N+](=O)[O-])cc1,1,-3.39,-3.39,0.0,keep_unique
CCC1(C2=CCC3CCC2C3)C(=O)NC(=O)NC1=O,1,-2.696,-2.696,0.0,keep_unique
CCCCCCCCCC(=O)OCC,1,-4.1,-4.1,0.0,keep_unique
CN(C)C(=O)Nc1ccccc1,1,-1.6,-1.6,0.0,keep_unique
CCCOCC,1,-0.66,-0.66,0.0,keep_unique
CC(C)O,1,0.43,0.43,0.0,keep_unique
Cc1ccc2ccccc2c1,1,-3.77,-3.77,0.0,keep_unique
ClC(Br)Br,1,-1.9,-1.9,0.0,keep_unique
CCC(c1ccc(O)cc1)C(CC)c1ccc(O)cc1,1,-4.43,-4.43,0.0,keep_unique
CCOC(=O)CC(SP(=S)(OC)OC)C(=O)OCC,1,-3.37,-3.37,0.0,keep_unique
ClCc1ccccc1,1,-2.39,-2.39,0.0,keep_unique
C/C=C/C=O,1,0.32,0.32,0.0,keep_unique
CON(C)C(=O)Nc1ccc(Br)c(Cl)c1,1,-3.924,-3.924,0.0,keep_unique
Cc1c2ccccc2c(C)c2ccccc12,1,-6.57,-6.57,0.0,keep_unique
CCCCCC(=O)OC,1,-1.87,-1.87,0.0,keep_unique
CN(C)C(=O)Nc1ccc(-n2nc(C(C)(C)C)oc2=O)c(Cl)c1,1,-4.328,-4.328,0.0,keep_unique
CC(=O)Nc1ccc(F)cc1,1,-1.78,-1.78,0.0,keep_unique
CCc1cccc(CC)c1N(COC)C(=O)CCl,1,-3.26,-3.26,0.0,keep_unique
C1=CCCCC1,1,-2.59,-2.59,0.0,keep_unique
CC12CCC(=O)C=C1CCC1C2C(O)CC2(C)C1CCC2(O)C(=O)CO,1,-3.09,-3.09,0.0,keep_unique
c1cncnc1,1,1.1,1.1,0.0,keep_unique
O=[N+]([O-])c1ccc(Cl)cc1,1,-2.92,-2.92,0.0,keep_unique
CCC(=O)OC,1,-0.14,-0.14,0.0,keep_unique
O=[N+]([O-])c1ccccc1Cl,1,-2.55,-2.55,0.0,keep_unique
CCCCN(C)C(=O)Nc1ccc(Cl)c(Cl)c1,1,-4.77,-4.77,0.0,keep_unique
CN1CC(O)N(c2nnc(C(C)(C)C)s2)C1=O,1,-1.877,-1.877,0.0,keep_unique
O=[N+]([O-])c1ccccc1,1,-1.8,-1.8,0.0,keep_unique
Ic1ccccc1,1,-3.01,-3.01,0.0,keep_unique
Cc1ccccc1N1C(=O)c2cc(S(N)(=O)=O)c(Cl)cc2NC1C,1,-3.78,-3.78,0.0,keep_unique
COc1ccccc1OCC(O)COC(N)=O,1,-0.985,-0.985,0.0,keep_unique
CCCCOCN(C(=O)CCl)c1c(CC)cccc1CC,1,-4.19,-4.19,0.0,keep_unique
Oc1cccc(Cl)c1Cl,1,-1.3,-1.3,0.0,keep_unique
CCCC(=O)OC,1,-1.92,-1.92,0.0,keep_unique
CCC(=O)Nc1ccc(Cl)c(Cl)c1,1,-3.0,-3.0,0.0,keep_unique
Nc1nc(N)c2nc(-c3ccccc3)c(N)nc2n1,1,-2.404,-2.404,0.0,keep_unique
CCCCCC(=O)OCC,1,-2.35,-2.35,0.0,keep_unique
OCC(O)C1OC2OC(C(Cl)(Cl)Cl)OC2C1O,1,-1.84,-1.84,0.0,keep_unique
Cc1ccc(N=CN(C)C=Nc2ccc(C)cc2C)c(C)c1,1,-5.47,-5.47,0.0,keep_unique
COc1nc(NC(C)C)nc(NC(C)C)n1,1,-2.478,-2.478,0.0,keep_unique
C=CCCCCCC,1,-4.44,-4.44,0.0,keep_unique
Cc1ccc(N)cc1,1,-1.21,-1.21,0.0,keep_unique
Nc1nccs1,1,-0.36,-0.36,0.0,keep_unique
CNC(=O)Oc1ccccc1,1,-1.803,-1.803,0.0,keep_unique
CCCC(O)CC,1,-0.8,-0.8,0.0,keep_unique
Oc1c2ccccc2cc2ccccc12,1,-4.73,-4.73,0.0,keep_unique
Cc1ccc2cc3ccccc3cc2c1,1,-6.96,-6.96,0.0,keep_unique
Cc1cccc(C)c1C,1,-3.2,-3.2,0.0,keep_unique
CNC(=O)Oc1ccc(N(C)C)c(C)c1,1,-2.36,-2.36,0.0,keep_unique
CCCCCCCC(C)O,1,-2.74,-2.74,0.0,keep_unique
CN(C(=O)NC(C)(C)c1ccccc1)c1ccccc1,1,-3.35,-3.35,0.0,keep_unique
CCCC(=O)CC,1,-0.83,-0.83,0.0,keep_unique
N#Cc1cc(Br)c(O)c(Br)c1,1,-3.33,-3.33,0.0,keep_unique
Clc1ccc(-c2ccccc2)cc1Cl,1,-6.39,-6.39,0.0,keep_unique
CN(C(=O)COc1nc2ccccc2s1)c1ccccc1,1,-4.873,-4.873,0.0,keep_unique
Oc1cccc2ncccc12,1,-2.54,-2.54,0.0,keep_unique
CC1=C(C(=O)Nc2ccccc2)SCCO1,1,-3.14,-3.14,0.0,keep_unique
CCOc1ccc2nc(S(N)(=O)=O)sc2c1,1,-3.81,-3.81,0.0,keep_unique
Oc1c(Cl)c(Cl)c(Cl)c(Cl)c1Cl,1,-4.28,-4.28,0.0,keep_unique
ClCBr,1,-0.89,-0.89,0.0,keep_unique
CCC1(CC)C(=O)NC(=O)N(C)C1=O,1,-2.23,-2.23,0.0,keep_unique
CC(=O)OCC(=O)C1CCC2C3CCC4=CC(=O)CCC4(C)C3CCC12C,1,-4.63,-4.63,0.0,keep_unique
NC(=O)NCc1ccccc1,1,-0.95,-0.95,0.0,keep_unique
Cc1ccc(NC(=O)N(C)C)cc1Cl,1,-3.483,-3.483,0.0,keep_unique
CON(C)C(=O)Nc1ccc(Cl)c(Cl)c1,1,-3.592,-3.592,0.0,keep_unique
OC1CCCCCC1,1,-0.88,-0.88,0.0,keep_unique
CS(=O)(=O)c1ccc(C(O)C(CO)NC(=O)C(Cl)Cl)cc1,1,-2.154,-2.154,0.0,keep_unique
CCCC(C)C1(CC)C(=O)NC(=S)NC1=O,1,-3.36,-3.36,0.0,keep_unique
CC(=O)Nc1nnc(S(N)(=O)=O)s1,1,-2.36,-2.36,0.0,keep_unique
O=[N+]([O-])c1ccc(O)cc1,1,-0.74,-0.74,0.0,keep_unique
ClC1=C(Cl)C2(Cl)C3C4C=CC(C4)C3C1(Cl)C2(Cl)Cl,1,-6.307,-6.307,0.0,keep_unique
C1CCOC1,1,0.49,0.49,0.0,keep_unique
Nc1ccccc1[N+](=O)[O-],1,-1.96,-1.96,0.0,keep_unique
Clc1cccc(-c2cccc(Cl)c2Cl)c1Cl,1,-7.28,-7.28,0.0,keep_unique
CCCCC1C(=O)N(c2ccccc2)N(c2ccccc2)C1=O,1,-3.81,-3.81,0.0,keep_unique
Cc1c([N+](=O)[O-])cccc1[N+](=O)[O-],1,-3.0,-3.0,0.0,keep_unique
CC(=O)C1CCC2C3CCC4=CC(=O)CCC4(C)C3CCC12C,1,-4.42,-4.42,0.0,keep_unique
CCN(CC)c1nc(Cl)nc(N(CC)CC)n1,1,-4.4110000000000005,-4.4110000000000005,0.0,keep_unique
O=C1C2CC=CCC2C(=O)N1SC(Cl)(Cl)C(Cl)Cl,1,-5.4,-5.4,0.0,keep_unique
Brc1ccc(Br)c(Br)c1,1,-4.5,-4.5,0.0,keep_unique
O=C1Nc2ccc(Cl)cc2C(c2ccccc2)=NC1O,1,-3.952,-3.952,0.0,keep_unique
C=CCC1(C(C)CCC)C(=O)NC(=O)NC1=O,1,-2.356,-2.356,0.0,keep_unique
Cc1ccc(C(C)C)cc1O,1,-2.08,-2.08,0.0,keep_unique
O=C1CSC(=S)N1,1,-1.77,-1.77,0.0,keep_unique
O=c1c(O)c(-c2ccc(O)cc2O)oc2cc(O)cc(O)c12,1,-3.083,-3.083,0.0,keep_unique
O=C1C2(Cl)C3(Cl)C4(Cl)C(Cl)(Cl)C5(Cl)C3(Cl)C1(Cl)C5(Cl)C24Cl,1,-5.259,-5.259,0.0,keep_unique
CCN(CC)C(=S)SSC(=S)N(CC)CC,1,-4.86,-4.86,0.0,keep_unique
C1CCCCC1,1,-3.1,-3.1,0.0,keep_unique
ClC1=C(Cl)C(Cl)(C2(Cl)C(Cl)=C(Cl)C(Cl)=C2Cl)C(Cl)=C1Cl,1,-7.278,-7.278,0.0,keep_unique
Cc1cc(Cl)ccc1N=CN(C)C,1,-2.86,-2.86,0.0,keep_unique
CC12CCc3c(ccc4cc(O)ccc34)C1CCC2=O,1,-5.24,-5.24,0.0,keep_unique
CCCCCCCCO,1,-2.39,-2.39,0.0,keep_unique
CCSCC,1,-1.34,-1.34,0.0,keep_unique
ClCCCl,1,-1.06,-1.06,0.0,keep_unique
CCC(C)(C)Cl,1,-2.51,-2.51,0.0,keep_unique
ClCCBr,1,-1.32,-1.32,0.0,keep_unique
Nc1ccc([N+](=O)[O-])cc1,1,-2.37,-2.37,0.0,keep_unique
OCC1OC(OC2C(CO)OC(O)C(O)C2O)C(O)C(O)C1O,1,-0.244,-0.244,0.0,keep_unique
CCN1C(=O)c2cccnc2N(CC)c2ncccc21,1,-2.86,-2.86,0.0,keep_unique
Clc1ccccc1,1,-2.38,-2.38,0.0,keep_unique
C=CCCCCCCC,1,-5.05,-5.05,0.0,keep_unique
Brc1ccc(I)cc1,1,-4.56,-4.56,0.0,keep_unique
CCC(C)(O)CC,1,-0.36,-0.36,0.0,keep_unique
CCCCCc1ccccc1,1,-4.64,-4.64,0.0,keep_unique
NC(=O)NC1NC(=O)NC1=O,1,-1.6,-1.6,0.0,keep_unique
O=C(OCC(O)CO)c1ccccc1Nc1ccnc2cc(Cl)ccc12,1,-4.571000000000001,-4.571000000000001,0.0,keep_unique
Clc1ccc(C(c2ccc(Cl)cc2)C(Cl)Cl)cc1,2,-7.2,-7.2,0.0,aggregate_duplicates
CC(=O)OC1CCC2C3CCC4=CC(=O)CCC4(C)C3CCC12C,1,-5.184,-5.184,0.0,keep_unique
Clc1cccc2ccccc12,1,-3.93,-3.93,0.0,keep_unique
CCN1c2ccccc2C(=O)N(C)c2ccccc21,1,-4.749,-4.749,0.0,keep_unique
CCCCC(C)O,1,-0.89,-0.89,0.0,keep_unique
CCCC1CCCC1,1,-4.74,-4.74,0.0,keep_unique
CCOC(=O)c1cncn1C(C)c1ccccc1,1,-4.735,-4.735,0.0,keep_unique
Oc1ccc(Cl)c(Cl)c1,1,-1.25,-1.25,0.0,keep_unique
CC1(C)C(C=C(Cl)Cl)C1C(=O)OC(C#N)c1cccc(Oc2ccccc2)c1,1,-8.017000000000001,-8.017000000000001,0.0,keep_unique
c1ccc2ocnc2c1,1,-1.16,-1.16,0.0,keep_unique
CCCCCO,1,-0.6,-0.6,0.0,keep_unique
CCN(CC)c1ccccc1,1,-3.03,-3.03,0.0,keep_unique
Fc1cccc(F)c1,1,-2.0,-2.0,0.0,keep_unique
N#CCCCl,1,-0.29,-0.29,0.0,keep_unique
CC(C)(C)Cc1ccccc1,1,-4.15,-4.15,0.0,keep_unique
Clc1ccccc1I,1,-3.54,-3.54,0.0,keep_unique
c1ccc2[nH]nnc2c1,1,-0.78,-0.78,0.0,keep_unique
CNC(=O)Oc1cccc2c1OC(C)(C)C2,1,-2.8,-2.8,0.0,keep_unique
Cc1cccc(C)c1O,1,-1.29,-1.29,0.0,keep_unique
CC(C)C(C)O,1,-0.18,-0.18,0.0,keep_unique
OC(c1ccccc1)c1ccccc1,1,-2.55,-2.55,0.0,keep_unique
CCCCCCCCCC(=O)OC,1,-4.69,-4.69,0.0,keep_unique
COP(=S)(OC)Oc1ccc([N+](=O)[O-])cc1Cl,1,-4.31,-4.31,0.0,keep_unique
CC(C)CBr,1,-2.43,-2.43,0.0,keep_unique
CCI,1,-1.6,-1.6,0.0,keep_unique
Cc1nc(N(C)C)nc(OC(=O)N(C)C)c1C,1,-1.95,-1.95,0.0,keep_unique
CCCCCCBr,1,-3.81,-3.81,0.0,keep_unique
CCCC(C)C,1,-3.74,-3.74,0.0,keep_unique
Cc1c(F)c(F)c(COC(=O)C2C(C=C(Cl)C(F)(F)F)C2(C)C)c(F)c1F,1,-7.321000000000001,-7.321000000000001,0.0,keep_unique
CCc1cccc(C)c1N(C(=O)CCl)C(C)COC,1,-2.73,-2.73,0.0,keep_unique
O=[N+]([O-])c1ccc(C=NO)o1,1,-2.19,-2.19,0.0,keep_unique
CC(C)C(Nc1ccc(C(F)(F)F)cc1Cl)C(=O)OC(C#N)c1cccc(Oc2ccccc2)c1,1,-8.003,-8.003,0.0,keep_unique
Nc1nc[nH]n1,1,0.522,0.522,0.0,keep_unique
BrC(Br)Br,1,-1.91,-1.91,0.0,keep_unique
COP(=O)(OC)C(O)C(Cl)(Cl)Cl,1,-0.22,-0.22,0.0,keep_unique
CCOP(=S)(OCC)SCn1c(=O)oc2cc(Cl)ccc21,1,-5.233,-5.233,0.0,keep_unique
OCc1ccccc1,1,-0.4,-0.4,0.0,keep_unique
O=c1oc2ccccc2c(O)c1C1CCCc2ccccc21,1,-2.84,-2.84,0.0,keep_unique
Oc1ccc(Br)cc1,1,-1.09,-1.09,0.0,keep_unique
CC(C)Br,1,-1.59,-1.59,0.0,keep_unique
CC(C)CC(C)(C)C,1,-4.74,-4.74,0.0,keep_unique
O=[N+]([O-])c1cc([N+](=O)[O-])cc([N+](=O)[O-])c1,1,-2.89,-2.89,0.0,keep_unique
CN1C(=O)CN=C(c2ccccc2)c2cc([N+](=O)[O-])ccc21,1,-3.796,-3.796,0.0,keep_unique
CCC,1,-1.94,-1.94,0.0,keep_unique
Nc1cc(N2CCCCC2)nc(N)[n+]1[O-],1,-1.989,-1.989,0.0,keep_unique
Nc1cccc2nc3ccccc3cc12,1,-4.22,-4.22,0.0,keep_unique
c1ccc2cc3c(cc2c1)-c1cccc2cccc-3c12,1,-8.49,-8.49,0.0,keep_unique
OC(c1ccc(Cl)cc1)(c1ccc(Cl)cc1)C(Cl)(Cl)Cl,1,-5.666,-5.666,0.0,keep_unique
c1cc2c3c(cccc3c1)CC2,1,-4.63,-4.63,0.0,keep_unique
Brc1ccc(Br)cc1,1,-4.07,-4.07,0.0,keep_unique
Cn1c(=O)on(-c2ccc(Cl)c(Cl)c2)c1=O,1,-2.82,-2.82,0.0,keep_unique
Oc1ccc(-c2ccccc2)cc1,1,-3.48,-3.48,0.0,keep_unique
CC1=C(C(=O)Nc2ccccc2)CCCO1,1,-2.56,-2.56,0.0,keep_unique
C=COCC,1,-0.85,-0.85,0.0,keep_unique
C#CCC,1,-1.24,-1.24,0.0,keep_unique
COc1ncnc2nccnc12,1,-1.11,-1.11,0.0,keep_unique
CCCCC(C)(O)CC,1,-1.6,-1.6,0.0,keep_unique
Clc1ccc(Cl)cc1,1,-3.27,-3.27,0.0,keep_unique
CC(=O)OCN1C(=O)NC(c2ccccc2)(c2ccccc2)C1=O,1,-4.47,-4.47,0.0,keep_unique
CSCS(=O)CC(CO)NC(=O)C=Cc1c(C)[nH]c(=O)[nH]c1=O,1,-1.981,-1.981,0.0,keep_unique
Cc1c[nH]c2ccccc12,1,-2.42,-2.42,0.0,keep_unique
COc1ncc2nccnc2n1,1,-1.11,-1.11,0.0,keep_unique
CNC(=O)Oc1ccccc1C1OCCO1,1,-1.57,-1.57,0.0,keep_unique
CC(C)CNC(=O)N1CCNC1=O,1,-2.15,-2.15,0.0,keep_unique
CC#N,1,0.26,0.26,0.0,keep_unique
CCOC(=O)NCCOc1ccc(Oc2ccccc2)cc1,1,-4.7,-4.7,0.0,keep_unique
CC(=O)N(c1onc(C)c1C)S(=O)c1ccc(N)cc1,1,-3.59,-3.59,0.0,keep_unique
ClCC(Cl)(Cl)Cl,1,-2.18,-2.18,0.0,keep_unique
CCCCO,1,0.0,0.0,0.0,keep_unique
CC1CCCCC1NC(=O)Nc1ccccc1,1,-4.11,-4.11,0.0,keep_unique
Clc1cc(Cl)cc(Cl)c1,1,-4.48,-4.48,0.0,keep_unique
O=Cc1ccco1,1,-0.1,-0.1,0.0,keep_unique
CC(C)CCO,1,-0.51,-0.51,0.0,keep_unique
O=Cc1ccc2c(c1)OCO2,1,-1.63,-1.63,0.0,keep_unique
C=C(C)C,1,-2.33,-2.33,0.0,keep_unique
O=Cc1ccccc1,1,-1.19,-1.19,0.0,keep_unique
C=C(C)C(=C)C,1,-2.4,-2.4,0.0,keep_unique
CCOC(=O)CCN(SN(C)C(=O)Oc1cccc2c1OC(C)(C)C2)C(C)C,1,-4.71,-4.71,0.0,keep_unique
CN1C(=O)c2cccnc2Oc2ccccc21,1,-3.672,-3.672,0.0,keep_unique
c1ccc2c(c1)Cc1ccccc1-2,1,-5.0,-5.0,0.0,keep_unique
CC1CCCCC1,1,-3.85,-3.85,0.0,keep_unique
N=C(N)NS(=O)(=O)c1ccc(N)cc1,1,-1.99,-1.99,0.0,keep_unique
COC(=O)c1ccc(O)cc1,1,-1.827,-1.827,0.0,keep_unique
CC1CCCO1,1,0.11,0.11,0.0,keep_unique
CC1=C2C3OC(=O)C(C)C3CCC2(C)C=CC1=O,1,-3.09,-3.09,0.0,keep_unique
OCc1ccccc1OC1OC(CO)C(O)C(O)C1O,1,-0.85,-0.85,0.0,keep_unique
CCCI,1,-2.29,-2.29,0.0,keep_unique
CCNc1nc(NC(C)C)nc(SC)n1,1,-3.04,-3.04,0.0,keep_unique
CCCO,1,0.62,0.62,0.0,keep_unique
CC(=O)C1(O)CCC2C3CCC4=CC(=O)CCC4(C)C3CCC21C,1,-3.817,-3.817,0.0,keep_unique
CCCC(C)O,1,-0.29,-0.29,0.0,keep_unique
O=C(c1ccccc1)C(O)c1ccccc1,1,-2.85,-2.85,0.0,keep_unique
Cc1ccc(O)c(C)c1,1,-1.19,-1.19,0.0,keep_unique
O=[N+]([O-])c1cccc(Cl)c1,1,-2.77,-2.77,0.0,keep_unique
Cc1c(N)c(=O)n(-c2ccccc2)n1C,1,-0.624,-0.624,0.0,keep_unique
Clc1ccc(-c2cc(Cl)ccc2Cl)c(Cl)c1,1,-6.57,-6.57,0.0,keep_unique
ClC(Cl)=C(Cl)C(Cl)=C(Cl)Cl,1,-4.92,-4.92,0.0,keep_unique
CCNc1nc(NC(C)(C)C)nc(SC)n1,1,-4.0,-4.0,0.0,keep_unique
CCC(C)CCO,1,-0.71,-0.71,0.0,keep_unique
Cc1ncc2nccnc2n1,1,-0.12,-0.12,0.0,keep_unique
C#CC1(O)CCC2C3CCC4=Cc5oncc5CC4(C)C3CCC21C,1,-5.507000000000001,-5.507000000000001,0.0,keep_unique
CCCCI,1,-2.96,-2.96,0.0,keep_unique
CC1OC(OC2C(O)CC(OC3C(O)CC(OC4CCC5(C)C(CCC6C5CC(O)C5(C)C(C7=CC(=O)OC7)CCC65O)C4)OC3C)OC2C)CC(O)C1O,1,-4.081,-4.081,0.0,keep_unique
FC(F)(F)c1ccccc1,1,-2.51,-2.51,0.0,keep_unique
CCCCCCOC(=O)c1ccccc1C(=O)OCCCCCC,1,-6.144,-6.144,0.0,keep_unique
c1ccc2c(c1)sc1ccccc12,1,-4.38,-4.38,0.0,keep_unique
Clc1ccc(-c2ccc(Cl)c(Cl)c2Cl)c(Cl)c1,1,-7.8,-7.8,0.0,keep_unique
Clc1ccc(-c2ccc(Cl)c(Cl)c2Cl)c(Cl)c1Cl,1,-8.01,-8.01,0.0,keep_unique
CC(=O)CC(c1ccccc1)c1c(O)c2ccccc2oc1=O,1,-3.893,-3.893,0.0,keep_unique
OC(c1ccccc1)C(O)c1ccccc1,1,-1.93,-1.93,0.0,keep_unique
COC(=O)c1ccccc1C(=O)OC,1,-1.66,-1.66,0.0,keep_unique
CCCCCCCC(=O)OCC,1,-3.39,-3.39,0.0,keep_unique
CCSSCC,1,-2.42,-2.42,0.0,keep_unique
CCOCCOCC,1,-0.77,-0.77,0.0,keep_unique
Clc1cc(Cl)c(Cl)cc1Cl,1,-5.56,-5.56,0.0,keep_unique
Nc1ccc(-c2ccc(N)cc2)cc1,1,-2.7,-2.7,0.0,keep_unique
C=CCCCCC,1,-3.73,-3.73,0.0,keep_unique
CCCCc1c(C)nc(NCC)[nH]c1=O,1,-3.028,-3.028,0.0,keep_unique
CCCC(C)C1(CC)C(=O)NC(=O)NC1=O,1,-2.39,-2.39,0.0,keep_unique
Nc1ccccc1Cl,1,-1.52,-1.52,0.0,keep_unique
COc1cccc(Cl)c1,1,-2.78,-2.78,0.0,keep_unique
CCCCN(CC)C(=O)SCCC,1,-3.53,-3.53,0.0,keep_unique
CCCCOC=O,1,-1.37,-1.37,0.0,keep_unique
CC12C=CC(=O)C=C1CCC1C2C(O)CC2(C)C1CCC2(O)C(=O)CO,1,-3.18,-3.18,0.0,keep_unique
ClC(Cl)Br,1,-1.54,-1.54,0.0,keep_unique
CC12CC(=O)C3C(CCC4=CC(=O)CCC43C)C1CCC2=O,1,-3.48,-3.48,0.0,keep_unique
c1ccc(-c2ccc(-c3ccccc3)cc2)cc1,1,-7.11,-7.11,0.0,keep_unique
O=Cc1ccc(O)cc1,1,-0.96,-0.96,0.0,keep_unique
CBr,1,-0.79,-0.79,0.0,keep_unique
Cc1cc(S(=O)(=O)c2ccccc2)ccc1NS(=O)(=O)C(F)(F)F,1,-3.8,-3.8,0.0,keep_unique
CC(=O)CC(c1ccc(Cl)cc1)c1c(O)c2ccccc2oc1=O,1,-5.839,-5.839,0.0,keep_unique
CCc1ccc2ccccc2c1,1,-4.29,-4.29,0.0,keep_unique
Cc1c[nH]c(=O)nc1N,1,-1.4580000000000002,-1.4580000000000002,0.0,keep_unique
Clc1c(Cl)c(Cl)c(-c2ccccc2)c(Cl)c1Cl,1,-7.92,-7.92,0.0,keep_unique
O=C(Nc1ccccc1)c1ccccc1I,1,-4.21,-4.21,0.0,keep_unique
Cc1cc2nc3c(=O)[nH]c(=O)nc-3n(CC(O)C(O)C(O)CO)c2cc1C,1,-3.685,-3.685,0.0,keep_unique
Fc1ccccc1Br,1,-2.7,-2.7,0.0,keep_unique
Oc1ccc(Cl)cc1Cl,1,-1.55,-1.55,0.0,keep_unique
CC1(C)C(C=C(Cl)Cl)C1C(=O)OCc1cccc(Oc2ccccc2)c1,1,-6.291,-6.291,0.0,keep_unique
CN1C(C(=O)Nc2ccccn2)=C(O)c2ccccc2S1(=O)=O,1,-4.16,-4.16,0.0,keep_unique
CCC(=O)OCN1C(=O)NC(c2ccccc2)(c2ccccc2)C1=O,1,-4.907,-4.907,0.0,keep_unique
C1CCCC1,1,-2.64,-2.64,0.0,keep_unique
Cc1ccccc1N,1,-2.21,-2.21,0.0,keep_unique
C=CCc1ccc(OC)cc1,1,-2.92,-2.92,0.0,keep_unique
CN(C)C(=O)Nc1cccc(OC(=O)NC(C)(C)C)c1,1,-2.93,-2.93,0.0,keep_unique
C=CC(C)C,1,-2.73,-2.73,0.0,keep_unique
Oc1ccccn1,1,1.02,1.02,0.0,keep_unique
CC,1,-1.36,-1.36,0.0,keep_unique
Clc1ccccc1Cl,1,-3.05,-3.05,0.0,keep_unique
Sc1nc2ccccc2s1,1,-3.18,-3.18,0.0,keep_unique
Clc1c(Cl)c(Cl)c(-c2c(Cl)c(Cl)c(Cl)c(Cl)c2Cl)c(Cl)c1Cl,1,-11.6,-11.6,0.0,keep_unique
COc1c2occc2cc2ccc(=O)oc12,1,-3.664,-3.664,0.0,keep_unique
CC(N)=O,1,1.58,1.58,0.0,keep_unique
Cc1cccc2ccccc12,1,-3.7,-3.7,0.0,keep_unique
CCN(CC)C(=O)C(C)Oc1cccc2ccccc12,1,-3.57,-3.57,0.0,keep_unique
CC(O)C(C)(C)C,1,-0.62,-0.62,0.0,keep_unique
CCCC(=O)OCC,1,-1.36,-1.36,0.0,keep_unique
CC1=CC(=O)c2ccccc2C1=O,1,-3.03,-3.03,0.0,keep_unique
c1ccc2c(c1)ccc1ccccc12,1,-5.26,-5.26,0.0,keep_unique
Cc1ccnc(C)c1,1,0.38,0.38,0.0,keep_unique
CCCCCCCCCO,1,-3.01,-3.01,0.0,keep_unique
BrCBr,1,-1.17,-1.17,0.0,keep_unique
CC1CC2C3CCC4=CC(=O)C=CC4(C)C3(F)C(O)CC2(C)C1(O)C(=O)CO,1,-3.59,-3.59,0.0,keep_unique
Cc1ccc2cc(C)ccc2c1,1,-4.89,-4.89,0.0,keep_unique
CCSC(=O)N(CC(C)C)CC(C)C,1,-3.68,-3.68,0.0,keep_unique
O=[N+]([O-])OCC(CO[N+](=O)[O-])O[N+](=O)[O-],1,-2.22,-2.22,0.0,keep_unique
Nc1cccc([N+](=O)[O-])c1,1,-2.19,-2.19,0.0,keep_unique
CCCCCl,1,-2.03,-2.03,0.0,keep_unique
O=CNC(N1C=CN(C(NC=O)C(Cl)(Cl)Cl)C=C1)C(Cl)(Cl)Cl,1,-4.19,-4.19,0.0,keep_unique
Cn1cc(-c2ccccc2)c(=O)c(-c2cccc(C(F)(F)F)c2)c1,1,-4.445,-4.445,0.0,keep_unique
Nc1cc2c3ccccc3ccc2c2ccccc12,1,-6.2,-6.2,0.0,keep_unique
CC12CCC3c4ccc(O)cc4CCC3C1CCC2=O,1,-3.955,-3.955,0.0,keep_unique
CCN1c2ccccc2N(C)C(=S)c2cccnc21,1,-4.706,-4.706,0.0,keep_unique
CC1CO1,1,-0.59,-0.59,0.0,keep_unique
O=C1CN=C(c2ccccc2)c2cc([N+](=O)[O-])ccc2N1,1,-3.796,-3.796,0.0,keep_unique
CCNC(=S)NCC,1,-1.46,-1.46,0.0,keep_unique
Oc1cc(Cl)cc(Cl)c1Cl,1,-2.67,-2.67,0.0,keep_unique
CCCCC(=O)OC,1,-1.34,-1.34,0.0,keep_unique
Nc1ccccc1,1,-0.41,-0.41,0.0,keep_unique
Cc1cccc2c(C)cccc12,1,-4.678999999999999,-4.678999999999999,0.0,keep_unique
NS(=O)(=O)c1cc2c(cc1Cl)NCNS2(=O)=O,1,-2.63,-2.63,0.0,keep_unique
C1=Cc2cccc3cccc1c23,1,-3.96,-3.96,0.0,keep_unique
CCCCCOC(=O)CC,1,-1.28,-1.28,0.0,keep_unique
CCNc1nc(NC(C)C)nc(OC)n1,1,-2.084,-2.084,0.0,keep_unique
c1ccc2c(c1)cc1ccc3cccc4ccc2c1c34,1,-8.699,-8.699,0.0,keep_unique
CCBr,1,-1.09,-1.09,0.0,keep_unique
CCC#CCC,1,-1.99,-1.99,0.0,keep_unique
CC1OC(OC2C(O)CC(OC3C(O)CC(OC4CCC5(C)C(CCC6C5CCC5(C)C(C7=CC(=O)OC7)CCC65O)C4)OC3C)OC2C)CC(O)C1O,1,-5.292999999999999,-5.292999999999999,0.0,keep_unique
C=C(C)CC,1,-2.73,-2.73,0.0,keep_unique
Oc1cccc2cccnc12,1,-2.42,-2.42,0.0,keep_unique
c1ccc2c(c1)CCCC2,1,-4.37,-4.37,0.0,keep_unique
O=C1OC(c2ccc(O)cc2)(c2ccc(O)cc2)c2ccccc21,1,-2.9,-2.9,0.0,keep_unique
Brc1cc(Br)cc(Br)c1,1,-5.6,-5.6,0.0,keep_unique
COP(=S)(OC)Oc1cc(Cl)c(Cl)cc1Cl,1,-5.72,-5.72,0.0,keep_unique
Cc1cc(=O)[nH]c(=S)[nH]1,1,-2.436,-2.436,0.0,keep_unique
C=CCc1ccc(O)c(OC)c1,1,-1.56,-1.56,0.0,keep_unique
C=CCC1(C(C)C)C(=O)NC(=O)NC1=O,1,-1.7080000000000002,-1.7080000000000002,0.0,keep_unique
c1cc2ccc3cccc4ccc(c1)c2c34,1,-6.176,-6.176,0.0,keep_unique
CCOC(C)OCC,1,-0.43,-0.43,0.0,keep_unique
CC1(C)CON(Cc2ccccc2Cl)C1=O,1,-2.338,-2.338,0.0,keep_unique
CCCCOCCO,1,-0.42,-0.42,0.0,keep_unique
O=[N+]([O-])c1c(Cl)c(Cl)c(Cl)c(Cl)c1Cl,1,-5.82,-5.82,0.0,keep_unique
O=C1C(Cl)C(CCl)CN1c1cccc(C(F)(F)F)c1,1,-4.047,-4.047,0.0,keep_unique
c1ccc2ncccc2c1,1,-1.3,-1.3,0.0,keep_unique
COC(=O)c1cc(O)c(O)c(O)c1,1,-1.24,-1.24,0.0,keep_unique
OC(Cn1cncn1)(Cn1cncn1)c1ccc(F)cc1F,1,-1.8,-1.8,0.0,keep_unique
O=c1[nH]c2cc(Cl)ccc2o1,1,-2.8310000000000004,-2.8310000000000004,0.0,keep_unique
Clc1ccc(-c2c(Cl)c(Cl)c(Cl)c(Cl)c2Cl)c(Cl)c1,1,-7.92,-7.92,0.0,keep_unique
O=C1NC(=O)C(=O)C(=O)N1,1,-1.25,-1.25,0.0,keep_unique
ClCCCCl,1,-1.62,-1.62,0.0,keep_unique
Fc1cccc(Br)c1,1,-2.67,-2.67,0.0,keep_unique
Clc1ccc(Br)cc1,1,-3.63,-3.63,0.0,keep_unique
CC(C)C(C)C,1,-3.65,-3.65,0.0,keep_unique
C=CCC,1,-1.94,-1.94,0.0,keep_unique
Clc1ccc(Cl)c(-c2cc(Cl)c(Cl)c(Cl)c2Cl)c1,1,-7.68,-7.68,0.0,keep_unique
Nc1cc[nH]c(=O)n1,1,-1.155,-1.155,0.0,keep_unique
FC(F)(Cl)C(F)(Cl)Cl,1,-3.04,-3.04,0.0,keep_unique
CCC#N,1,0.28,0.28,0.0,keep_unique
Clc1ccc(C(c2ccccc2Cl)C(Cl)Cl)cc1,1,-6.51,-6.51,0.0,keep_unique
COc1ccccc1[N+](=O)[O-],1,-1.96,-1.96,0.0,keep_unique
CC12CCC3C(CC=C4CC(O)CCC43C)C1CCC2=O,1,-4.12,-4.12,0.0,keep_unique
CC12CC1(C)C(=O)N(c1cc(Cl)cc(Cl)c1)C2=O,1,-4.8,-4.8,0.0,keep_unique
c1cc2ccc3ccc4ccc5cccc6c(c1)c2c3c4c56,1,-9.018,-9.018,0.0,keep_unique
CCC(C)c1cc([N+](=O)[O-])cc([N+](=O)[O-])c1O,1,-3.38,-3.38,0.0,keep_unique
COC1=C(OC)C2C(=O)OCC2C=C1,1,-1.899,-1.899,0.0,keep_unique
OCC(O)CO,1,1.12,1.12,0.0,keep_unique
COc1ccccc1O,2,-1.96,-1.96,0.0,aggregate_duplicates
CCOP(=S)(OCC)Oc1nc(Cl)c(Cl)cc1Cl,1,-5.67,-5.67,0.0,keep_unique
Cc1c2ccccc2cc2ccccc12,1,-5.89,-5.89,0.0,keep_unique
Cc1cc(=O)n(-c2ccccc2)n1C,1,0.715,0.715,0.0,keep_unique
CCCCOC,1,-0.99,-0.99,0.0,keep_unique
Cc1cnc2cncnc2n1,1,-0.8540000000000001,-0.8540000000000001,0.0,keep_unique
CCNc1nc(Cl)nc(NCC)n1,1,-4.55,-4.55,0.0,keep_unique
CC(=O)N(C)C,1,1.11,1.11,0.0,keep_unique
CSc1nc(N(C)C)nc(N(C)C)n1,1,-2.676,-2.676,0.0,keep_unique
C=C,1,-0.4,-0.4,0.0,keep_unique
CC(C)(C)CCO,1,-0.5,-0.5,0.0,keep_unique
C=CCC1(CC)C(=O)NC(=O)NC1=O,1,-1.614,-1.614,0.0,keep_unique
Oc1ccc(Cl)c(Cl)c1Cl,1,-2.67,-2.67,0.0,keep_unique
COc1ccccc1,1,-1.85,-1.85,0.0,keep_unique
CC(C)OC(=O)C(O)(c1ccc(Cl)cc1)c1cccc(Cl)c1,1,-4.53,-4.53,0.0,keep_unique
CC12CCC(=O)C=C1CCC1C2C(O)CC2(C=O)C(C(=O)CO)CCC12,1,-3.85,-3.85,0.0,keep_unique
COc1ccc(Oc2ccc(NC(=O)N(C)C)cc2)cc1,1,-4.16,-4.16,0.0,keep_unique
CCc1ccc(C)cc1,1,-3.11,-3.11,0.0,keep_unique
CC(C)SC(C)C,1,-2.24,-2.24,0.0,keep_unique
O=[N+]([O-])c1cccc([N+](=O)[O-])c1,1,-2.29,-2.29,0.0,keep_unique
CCOP(=S)(OCC)SCSP(=S)(OCC)OCC,1,-5.54,-5.54,0.0,keep_unique
CCC1(C(C)C)C(=O)NC(=O)NC1=O,2,-2.21,-2.148,0.06199999999999983,aggregate_duplicates
CC(=O)OCC(=O)C1(O)CCC2C3CCC4=CC(=O)CCC4(C)C3C(=O)CC21C,1,-4.21,-4.21,0.0,keep_unique
Cc1ncc([N+](=O)[O-])n1CCO,2,-1.26,-1.22,0.040000000000000036,aggregate_duplicates
Nc1ccc(Cl)cc1,1,-1.66,-1.66,0.0,keep_unique
CCCC(C)(C)CO,1,-1.52,-1.52,0.0,keep_unique
c1ccoc1,1,-0.82,-0.82,0.0,keep_unique
COCCCNc1nc(NC(C)C)nc(SC)n1,1,-2.928,-2.928,0.0,keep_unique
CN(C)C(=O)NC1CC2CC1C1CCCC21,1,-3.1710000000000003,-3.1710000000000003,0.0,keep_unique
CC(C)(C)c1ccccc1,1,-3.66,-3.66,0.0,keep_unique
CC(=O)CCC1C(=O)N(c2ccccc2)N(c2ccccc2)C1=O,1,-3.27,-3.27,0.0,keep_unique
CC(=O)OCC(=O)C1(O)CCC2C3CCC4=CC(=O)C=CC4(C)C3C(O)CC21C,1,-4.37,-4.37,0.0,keep_unique
CCCOC,1,-0.39,-0.39,0.0,keep_unique
CC(=O)OC(C)C,1,-0.55,-0.55,0.0,keep_unique
Brc1ccccc1,1,-2.55,-2.55,0.0,keep_unique
CCOC(=O)c1ccc(O)cc1,1,-2.35,-2.35,0.0,keep_unique
CCCC(=O)OCN1C(=O)NC(c2ccccc2)(c2ccccc2)C1=O,1,-5.071000000000001,-5.071000000000001,0.0,keep_unique
CCC(=O)OC1CCC2C3CCC4=CC(=O)CCC4(C)C3CCC12C,1,-5.37,-5.37,0.0,keep_unique
c1cc2ccc3ccc4ccc5ccc6ccc1c1c2c3c4c5c61,1,-9.332,-9.332,0.0,keep_unique
O=c1[nH]cnc2[nH]ncc12,1,-2.266,-2.266,0.0,keep_unique
C=CCl,1,-1.75,-1.75,0.0,keep_unique
CN(C)C(=O)C(c1ccccc1)c1ccccc1,1,-2.98,-2.98,0.0,keep_unique
BrC(Br)(Br)Br,1,-3.14,-3.14,0.0,keep_unique
CCN1c2cc(N(C)C)cc(C)c2NC(=O)c2cccnc21,1,-4.871,-4.871,0.0,keep_unique
O=C1NC(=O)c2ccccc21,1,-2.61,-2.61,0.0,keep_unique
OC(c1ccc(Cl)cc1)(c1cncnc1)c1ccccc1Cl,1,-4.38,-4.38,0.0,keep_unique
COC(=O)c1ccccc1,1,-1.85,-1.85,0.0,keep_unique
Cn1ccc(=O)[nH]c1=O,1,-0.807,-0.807,0.0,keep_unique
CCCCC1C(=O)N(c2ccccc2)N(c2ccc(O)cc2)C1=O,1,-3.73,-3.73,0.0,keep_unique
Clc1ccc(Cl)c(-c2cccc(Cl)c2Cl)c1,1,-6.47,-6.47,0.0,keep_unique
CCC1NC(=O)c2cc(S(N)(=O)=O)c(Cl)cc2N1,1,-3.29,-3.29,0.0,keep_unique
CN(C)C(=O)Nc1ccc(Cl)c(Cl)c1,1,-3.8,-3.8,0.0,keep_unique
C1=CCCC1,1,-2.1,-2.1,0.0,keep_unique
O=C1NC(=O)C(O)(C2(O)C(=O)NC(=O)NC2=O)C(=O)N1,1,-1.99,-1.99,0.0,keep_unique
CCCCCCCCC,1,-5.88,-5.88,0.0,keep_unique
Oc1ccccc1Cl,1,-1.06,-1.06,0.0,keep_unique
Cc1cc2ccccc2c2ccc3ccccc3c12,1,-6.59,-6.59,0.0,keep_unique
CCOc1ccccc1,1,-2.33,-2.33,0.0,keep_unique
CCOC(=O)C=Cc1ccccc1,1,-3.0,-3.0,0.0,keep_unique
Cc1[nH]c(=O)n(C(C)(C)C)c(=O)c1Cl,1,-2.484,-2.484,0.0,keep_unique
O=C1CN=C(c2ccccc2Cl)c2cc([N+](=O)[O-])ccc2N1,1,-3.499,-3.499,0.0,keep_unique
Cc1ccc(S(N)(=O)=O)cc1,1,-1.74,-1.74,0.0,keep_unique
C#CC(C)OC(=O)Nc1cccc(Cl)c1,1,-2.617,-2.617,0.0,keep_unique
CCCCCC(C)C,1,-5.08,-5.08,0.0,keep_unique
CC1(C)C(C=C(Cl)C(F)(F)F)C1C(=O)OC(C#N)c1cccc(Oc2ccccc2)c1,1,-8.176,-8.176,0.0,keep_unique
CCCC1C(=O)N2C(N(C)C)=Nc3ccc(C)cc3N2C1=O,1,-3.5380000000000003,-3.5380000000000003,0.0,keep_unique
CN1C(=O)CN=C(c2ccccc2)c2cc(Cl)ccc21,1,-3.754,-3.754,0.0,keep_unique
CCC(O)C(C)C,1,-0.7,-0.7,0.0,keep_unique
CCOP(=S)(OCC)Oc1ccc(S(C)=O)cc1,1,-2.3,-2.3,0.0,keep_unique
CC1(C)C2CCC1(C)C(O)C2,1,-2.32,-2.32,0.0,keep_unique
CC12CCC(=O)C=C1CCC1C2CCC2(C)C(O)CCC12,1,-4.02,-4.02,0.0,keep_unique
CCCCCCC,1,-4.53,-4.53,0.0,keep_unique
Oc1cccc2ccccc12,1,-2.22,-2.22,0.0,keep_unique
CC1CCCCC1C,1,-4.3,-4.3,0.0,keep_unique
COc1cc2c(N)nc(N3CCN(C(=O)OCC(C)(C)O)CC3)nc2c(OC)c1OC,1,-3.638,-3.638,0.0,keep_unique
c1cc2c3c(c4ccc5ccccc5c4cc3c1)CC2,1,-7.85,-7.85,0.0,keep_unique
CC(=O)C1(C)CCC2C3C=C(C)C4=CC(=O)CCC4(C)C3CCC21C,1,-5.27,-5.27,0.0,keep_unique
CCCCCC(C)=O,1,-1.45,-1.45,0.0,keep_unique
COP(=O)(NC(C)=O)SC,1,0.54,0.54,0.0,keep_unique
CCCCSP(=O)(SCCCC)SCCCC,1,-5.14,-5.14,0.0,keep_unique
O=C1NC(=O)C2C=CC=CC12,1,-2.932,-2.932,0.0,keep_unique
NS(=O)(=O)c1cc2c(cc1Cl)NC(C(Cl)Cl)NS2(=O)=O,1,-2.68,-2.68,0.0,keep_unique
CC=C(C)C,1,-2.56,-2.56,0.0,keep_unique
Cc1ccc(C)c(C)c1,1,-3.31,-3.31,0.0,keep_unique
Oc1cc(Cl)c(Cl)cc1Cl,1,-2.21,-2.21,0.0,keep_unique
c1ccc2c(c1)cnc1ccccc12,1,-2.78,-2.78,0.0,keep_unique
CCCC(C)(O)CC,1,-0.98,-0.98,0.0,keep_unique
CCCCCCCC,1,-5.24,-5.24,0.0,keep_unique
c1ccc2cc3ccccc3cc2c1,1,-6.35,-6.35,0.0,keep_unique
NNc1ccccc1,1,0.07,0.07,0.0,keep_unique
CCC=O,1,0.58,0.58,0.0,keep_unique
C1CCCCCCC1,1,-4.15,-4.15,0.0,keep_unique
C=CCC1(CC=C)C(=O)NC(=O)NC1=O,1,-2.077,-2.077,0.0,keep_unique
ClC(Cl)Cl,1,-1.17,-1.17,0.0,keep_unique
O=c1ccnc(S)[nH]1,1,-2.273,-2.273,0.0,keep_unique
O=C(Nc1ccccc1)N(Cc1ccc(Cl)cc1)C1CCCC1,1,-5.915,-5.915,0.0,keep_unique
CC1=CCCCC1,1,-3.27,-3.27,0.0,keep_unique
CCCCC(C=O)CC,1,-2.13,-2.13,0.0,keep_unique
COc1c2occc2c(OC)c2c(=O)cc(C)oc12,1,-3.0210000000000004,-3.0210000000000004,0.0,keep_unique
c1ccc2c3c(ccc2c1)-c1cccc2cccc-3c12,1,-8.0,-8.0,0.0,keep_unique
CCC(C=O)CC,1,-1.52,-1.52,0.0,keep_unique
CCCOCCC,1,-1.62,-1.62,0.0,keep_unique
CCCCCCCCCCCCCCO,1,-5.84,-5.84,0.0,keep_unique
Oc1c(Cl)ccc(Cl)c1Cl,1,-2.64,-2.64,0.0,keep_unique
NC(N)=O,1,0.96,0.96,0.0,keep_unique
C#CCCC,1,-1.64,-1.64,0.0,keep_unique
Brc1cccc(Br)c1,1,-3.54,-3.54,0.0,keep_unique
CCCCCCCCCCCCCCCCCCO,1,-8.4,-8.4,0.0,keep_unique
CC(=O)Nc1ccccc1,1,-1.33,-1.33,0.0,keep_unique
O=C1C=C2CC3(O)COc4c(ccc(O)c4O)C3=C2C=C1O,1,-2.7,-2.7,0.0,keep_unique
NNC(=O)c1ccncc1,1,0.009,0.009,0.0,keep_unique
OC1C=CC2C1C1(Cl)C(Cl)=C(Cl)C2(Cl)C1(Cl)Cl,1,-5.46,-5.46,0.0,keep_unique
CC(C)CCOC=O,1,-1.52,-1.52,0.0,keep_unique
CC(=O)c1ccccc1,1,-1.28,-1.28,0.0,keep_unique
c1ccc2nc(-c3ccc4ccccc4n3)ccc2c1,1,-5.4,-5.4,0.0,keep_unique
CCOP(=O)(OCC)OCC,1,0.43,0.43,0.0,keep_unique
CC12CCC(C1)C(C)(C)C2=O,1,-1.85,-1.85,0.0,keep_unique
COc1cnc2cncnc2n1,1,-0.91,-0.91,0.0,keep_unique
ClC1=C(Cl)C2(Cl)C3CC=CC3C1(Cl)C2(Cl)Cl,1,-5.64,-5.64,0.0,keep_unique
CC(C)[N+](=O)[O-],1,-0.62,-0.62,0.0,keep_unique
c1ccc2c(c1)[nH]c1ccccc12,1,-5.27,-5.27,0.0,keep_unique
OCC(O)C(O)CO,1,0.7,0.7,0.0,keep_unique
CCCOC(=O)c1ccc(N)cc1,1,-2.452,-2.452,0.0,keep_unique
CNC(=O)C=C(C)OP(=O)(OC)OC,1,0.6509999999999999,0.6509999999999999,0.0,keep_unique
O=C1CCC(=O)N1,1,0.3,0.3,0.0,keep_unique
CCC(C)C(C)C,1,-4.28,-4.28,0.0,keep_unique
CCCCc1c(C)nc(NCC)nc1OS(=O)(=O)N(C)C,1,-4.16,-4.16,0.0,keep_unique
CCN1c2ncccc2C(=S)N(C)c2cccnc21,1,-4.634,-4.634,0.0,keep_unique
CCN1C(=O)c2ccccc2Oc2ccccc21,1,-3.68,-3.68,0.0,keep_unique
C1CCOCC1,1,-0.03,-0.03,0.0,keep_unique
C#CCCCCC,1,-3.01,-3.01,0.0,keep_unique
COc1ccc2ccc(=O)oc2c1CC=C(C)C,1,-4.314,-4.314,0.0,keep_unique
Cc1ccc2c(ccc3c4c5c(cccc5cc32)CC4)c1,1,-7.92,-7.92,0.0,keep_unique
CCOC(=O)c1ccccc1,1,-2.32,-2.32,0.0,keep_unique
CC(C)CCl,1,-2.0,-2.0,0.0,keep_unique
C#CC1(O)CCC2C3CCc4cc(O)ccc4C3CCC21C,1,-4.3,-4.3,0.0,keep_unique
CCCCCCCCCCCC(=O)OC,1,-4.69,-4.69,0.0,keep_unique
CCCSCCC,1,-2.58,-2.58,0.0,keep_unique
c1ccc2cc3cc4ccccc4cc3cc2c1,1,-8.6,-8.6,0.0,keep_unique
CCCCCBr,1,-3.08,-3.08,0.0,keep_unique
C/C=C/CCCC,1,-3.82,-3.82,0.0,keep_unique
CCCCCC1CCCC1,1,-6.08,-6.08,0.0,keep_unique
Clc1ccc(Cl)c(-c2c(Cl)c(Cl)cc(Cl)c2Cl)c1,1,-7.42,-7.42,0.0,keep_unique
CC(Cl)(Cl)Cl,1,-2.0,-2.0,0.0,keep_unique
CON(C)C(=O)Nc1ccc(Cl)cc1,1,-2.57,-2.57,0.0,keep_unique
O=C1NC(=O)C2(CCCCC2)C(=O)N1,1,-3.06,-3.06,0.0,keep_unique
CN(C)C(=O)OC1=CC(=O)CC(C)(C)C1,1,-0.85,-0.85,0.0,keep_unique
Cc1ccc(Br)cc1,1,-3.19,-3.19,0.0,keep_unique
CCOCC,1,-0.09,-0.09,0.0,keep_unique
CC(C)NC(=O)N1CC(=O)N(c2cc(Cl)cc(Cl)c2)C1=O,1,-4.376,-4.376,0.0,keep_unique
CCCCN(CC)c1c([N+](=O)[O-])cc(C(F)(F)F)cc1[N+](=O)[O-],1,-5.53,-5.53,0.0,keep_unique
Cc1cc(C)c(O)c(C)c1,1,-2.05,-2.05,0.0,keep_unique
c1ccccc1,1,-1.64,-1.64,0.0,keep_unique
Clc1ccc(I)cc1,1,-4.03,-4.03,0.0,keep_unique
COc1ccc(NC(=O)N(C)C)cc1Cl,1,-2.564,-2.564,0.0,keep_unique
CC(C)N(C(=O)CCl)c1ccccc1,1,-2.48,-2.48,0.0,keep_unique
C=Cc1ccccc1,1,-2.82,-2.82,0.0,keep_unique
COCOC,1,0.48,0.48,0.0,keep_unique
Cc1ccccc1C,1,-2.8,-2.8,0.0,keep_unique
CCC(C)O,1,0.47,0.47,0.0,keep_unique
Oc1ccc(O)cc1,1,-0.17,-0.17,0.0,keep_unique
CC12CCC3c4ccc(O)cc4CCC3C1CC(O)C2O,1,-4.955,-4.955,0.0,keep_unique
c1ccc2c(c1)Cc1cc3ccccc3cc1-2,1,-8.04,-8.04,0.0,keep_unique
O=C1CNC(=O)N1,1,-0.4,-0.4,0.0,keep_unique
CCCCCCc1ccc(O)cc1O,1,-2.59,-2.59,0.0,keep_unique
C=CCSS(=O)CC=C,1,-0.83,-0.83,0.0,keep_unique
CCOP(=S)(OCC)Oc1ccc2oc(=O)c(Cl)c(C)c2c1,1,-5.382000000000001,-5.382000000000001,0.0,keep_unique
Cc1c(C)c2c3ccccc3ccc2c2ccccc12,1,-7.01,-7.01,0.0,keep_unique
CCCCC(=O)OC1(C(=O)CO)C(C)CC2C3CCC4=CC(=O)C=CC4(C)C3(F)C(O)CC21C,1,-4.71,-4.71,0.0,keep_unique
O=c1[nH]c(=O)c2[nH]c(=O)[nH]c2[nH]1,1,-3.93,-3.93,0.0,keep_unique
Oc1c(Cl)cc(Cl)c(Cl)c1Cl,1,-3.1,-3.1,0.0,keep_unique
Clc1cccc(Cl)c1,1,-3.04,-3.04,0.0,keep_unique
Clc1ccc(C(c2ccc(Cl)cc2)C(Cl)(Cl)Cl)cc1,1,-7.15,-7.15,0.0,keep_unique
CC(C)COC=O,1,-1.01,-1.01,0.0,keep_unique
CSc1ccccc1,1,-2.39,-2.39,0.0,keep_unique
CCN1c2ncccc2C(=O)Nc2c(C(F)(F)F)cc(C)nc21,1,-4.207,-4.207,0.0,keep_unique
CCCCCC,1,-3.84,-3.84,0.0,keep_unique
COC(=O)c1cccnc1,1,-0.46,-0.46,0.0,keep_unique
NS(=O)(=O)c1cc2c(cc1C(F)(F)F)NC(Cc1ccccc1)NS2(=O)=O,1,-3.59,-3.59,0.0,keep_unique
Clc1ccc(-c2cc(Cl)c(Cl)c(Cl)c2Cl)cc1Cl,1,-7.82,-7.82,0.0,keep_unique
C=CC1(C)OC(=O)N(c2cc(Cl)cc(Cl)c2)C1=O,1,-4.925,-4.925,0.0,keep_unique
CCNc1nc(Cl)nc(NC(C)(C)C#N)n1,1,-3.15,-3.15,0.0,keep_unique
c1ccc2c(c1)c1ccccc1c1ccccc21,1,-6.726,-6.726,0.0,keep_unique
CC=C(C(=CC)c1ccc(O)cc1)c1ccc(O)cc1,1,-4.95,-4.95,0.0,keep_unique
CCCCC(CC)COC(=O)c1ccccc1C(=O)OCC(CC)CCCC,1,-6.96,-6.96,0.0,keep_unique
CCc1ccccn1,1,0.51,0.51,0.0,keep_unique
COP(=O)(OC)OC(Br)C(Cl)(Cl)Br,1,-2.28,-2.28,0.0,keep_unique
c1ccc(-c2ccccc2)cc1,1,-4.345,-4.345,0.0,keep_unique
Clc1cc(Cl)c(-c2c(Cl)cc(Cl)cc2Cl)c(Cl)c1,1,-8.71,-8.71,0.0,keep_unique
CN(C)c1nc(N(C)C)nc(N(C)C)n1,1,-3.364,-3.364,0.0,keep_unique
CC(C)CC(C)(C)O,1,-0.92,-0.92,0.0,keep_unique
O=C1NC(=O)C2(CCCCCC2)C(=O)N1,1,-3.168,-3.168,0.0,keep_unique
OCC1OC(O)(CO)C(O)C1O,1,0.64,0.64,0.0,keep_unique
Cc1cc(C)cc(O)c1,1,-1.4,-1.4,0.0,keep_unique
O=C(Nc1cccc(Cl)c1)OCC#CCCl,1,-4.37,-4.37,0.0,keep_unique
CC(=O)Nc1ccc(Cl)cc1,1,-2.843,-2.843,0.0,keep_unique
Clc1ccc(Cl)c(-c2c(Cl)c(Cl)c(Cl)c(Cl)c2Cl)c1,1,-8.94,-8.94,0.0,keep_unique
CCC(C)(C)C,1,-3.55,-3.55,0.0,keep_unique
CNc1ccccc1,1,-1.28,-1.28,0.0,keep_unique
C=CCC=C,1,-2.09,-2.09,0.0,keep_unique
CC(=O)OCC(=O)C1(O)CCC2C3CCC4=CC(=O)CCC4(C)C3C(O)CC21C,1,-4.88,-4.88,0.0,keep_unique
Cc1cc([N+](=O)[O-])cc([N+](=O)[O-])c1O,1,-1.456,-1.456,0.0,keep_unique
O=C1Nc2ccc(Cl)cc2C(c2ccccc2Cl)=NC1O,1,-3.604,-3.604,0.0,keep_unique
Oc1cccc(Cl)c1,1,-0.7,-0.7,0.0,keep_unique
Clc1cccc(Br)c1,1,-3.21,-3.21,0.0,keep_unique
NS(=O)(=O)c1cc2c(cc1Cl)N=CNS2(=O)=O,1,-3.05,-3.05,0.0,keep_unique
CCC1(C)C(=O)NC(=O)NC1=O,1,-1.228,-1.228,0.0,keep_unique
OCCOc1ccccc1,1,-0.7,-0.7,0.0,keep_unique
c1ccc(Cc2ccccc2)cc1,1,-4.08,-4.08,0.0,keep_unique
CCCCCC(O)CC,1,-1.98,-1.98,0.0,keep_unique
CCN(Cc1c(F)cccc1Cl)c1c([N+](=O)[O-])cc(C(F)(F)F)cc1[N+](=O)[O-],1,-6.78,-6.78,0.0,keep_unique
CC(C)Nc1nc(Cl)nc(NC(C)C)n1,1,-4.43,-4.43,0.0,keep_unique
CCCC(C)CO,1,-1.11,-1.11,0.0,keep_unique
CCCCC(C)(C)O,1,-1.08,-1.08,0.0,keep_unique
CCc1ccccc1,1,-2.77,-2.77,0.0,keep_unique
CCC1(CC=C(C)C)C(=O)NC(=O)NC1=O,1,-2.253,-2.253,0.0,keep_unique
ClC1=C(Cl)C2(Cl)C3C(Cl)C=CC3C1(Cl)C2(Cl)Cl,1,-6.317,-6.317,0.0,keep_unique
C=C(Br)CC1(C(C)CC)C(=O)NC(=O)NC1=O,1,-2.647,-2.647,0.0,keep_unique
CC1(C)C(C(=O)OC(C#N)c2cccc(Oc3ccccc3)c2)C1(C)C,1,-6.025,-6.025,0.0,keep_unique
COC(C)(C)CCCC(C)CC=CC(C)=CC(=O)OC(C)C,1,-5.19,-5.19,0.0,keep_unique
CCOC(=O)CC,1,-0.66,-0.66,0.0,keep_unique
CSc1nc(NC(C)C)nc(NC(C)C)n1,1,-4.1,-4.1,0.0,keep_unique
C#CC(C)N(C)C(=O)Nc1ccc(Cl)cc1,1,-3.9,-3.9,0.0,keep_unique
Cc1cc2ccccc2cc1C,1,-4.72,-4.72,0.0,keep_unique
Clc1ccc(-c2cc(Cl)ccc2Cl)cc1,1,-6.25,-6.25,0.0,keep_unique
Clc1ccc(-c2cc(Cl)c(Cl)c(Cl)c2Cl)c(Cl)c1,1,-7.39,-7.39,0.0,keep_unique
N#CN=C(N)N,1,-0.31,-0.31,0.0,keep_unique
O=[N+]([O-])C(Cl)(Cl)Cl,1,-2.0,-2.0,0.0,keep_unique
Clc1cccc(Cl)c1-c1ccccc1,1,-5.21,-5.21,0.0,keep_unique
COc1ccc(C=O)cc1,1,-1.49,-1.49,0.0,keep_unique
CC(=O)Nc1ccc([N+](=O)[O-])cc1,1,-2.692,-2.692,0.0,keep_unique
CCCCCCC(=O)OCC,1,-2.74,-2.74,0.0,keep_unique
CC(=O)Nc1ccc(O)cc1,1,-1.03,-1.03,0.0,keep_unique
c1ccc2[nH]ncc2c1,1,-2.16,-2.16,0.0,keep_unique
CC1(C)OC2CC3C4CCC5=CC(=O)C=CC5(C)C4(F)C(O)CC3(C)C2(C(=O)CO)O1,1,-4.31,-4.31,0.0,keep_unique
Nc1nc2[nH]cnc2c(=O)[nH]1,1,-3.583,-3.583,0.0,keep_unique
COC(C)=O,1,0.46,0.46,0.0,keep_unique
CC12CCC3C(CCC4CC(=O)CCC43C)C1CCC2O,1,-4.743,-4.743,0.0,keep_unique
C=CC(O)CCC,1,-0.59,-0.59,0.0,keep_unique
O=C1NC(=O)C2C3C(C(O)(c4ccccc4)c4ccccn4)=CC(C3=C(c3ccccc3)c3ccccn3)C12,1,-3.931,-3.931,0.0,keep_unique
CCCCOCCCC,1,-1.85,-1.85,0.0,keep_unique
CCCCCCCCCCCCO,1,-4.8,-4.8,0.0,keep_unique
CCN1c2nc(N(C)CCO)ccc2NC(=O)c2cccnc21,1,-3.36,-3.36,0.0,keep_unique
CCCC(C)(C)O,1,-0.49,-0.49,0.0,keep_unique
Nc1nc(=O)[nH]cc1F,1,-0.972,-0.972,0.0,keep_unique
CCCCOc1ccc(C(=O)OCC)c(N(CC)CC)c1,1,-3.84,-3.84,0.0,keep_unique
CCCCCC(C)(C)O,1,-1.72,-1.72,0.0,keep_unique
Cc1c(C)c(C)c(C)c(C)c1C,1,-5.23,-5.23,0.0,keep_unique
Cc1ccc(C(C)C)c(O)c1,1,-2.22,-2.22,0.0,keep_unique
c1cnc2ncncc2n1,1,0.02,0.02,0.0,keep_unique
CCOP(=S)(OCC)Oc1ccc([N+](=O)[O-])cc1,1,-4.66,-4.66,0.0,keep_unique
C,1,-0.9,-0.9,0.0,keep_unique
c1ccc2c(c1)CCN2,1,-1.04,-1.04,0.0,keep_unique
O=[N+]([O-])c1cccc2ccccc12,1,-3.54,-3.54,0.0,keep_unique
CCC(C)C(C)=O,1,-0.67,-0.67,0.0,keep_unique
Nc1nc(O)nc2nc[nH]c12,1,-3.401,-3.401,0.0,keep_unique
O=c1oc2ccccc2c(O)c1C(CC(O)c1ccc(-c2ccc(Br)cc2)cc1)c1ccccc1,1,-4.445,-4.445,0.0,keep_unique
C[N+](=O)[O-],1,0.26,0.26,0.0,keep_unique
CC(C)N(C(=O)SCC(Cl)=C(Cl)Cl)C(C)C,1,-4.88,-4.88,0.0,keep_unique
C=CCCC=C,1,-2.68,-2.68,0.0,keep_unique
c1ccc2[nH]ccc2c1,1,-1.52,-1.52,0.0,keep_unique
CC12CCC3C(CCC4=CC(=O)CCC43C)C1CCC2=O,1,-3.69,-3.69,0.0,keep_unique
C=CCCCC,1,-3.23,-3.23,0.0,keep_unique
Cc1cccc(C)c1NC(=O)c1cc(S(N)(=O)=O)c(Cl)cc1O,1,-3.79,-3.79,0.0,keep_unique
CCC1CCCCC1,1,-4.25,-4.25,0.0,keep_unique
CCCCCCCC(C)=O,1,-2.58,-2.58,0.0,keep_unique
COC(=O)Nc1nc2ccc(C(=O)c3ccccc3)cc2[nH]1,1,-3.88,-3.88,0.0,keep_unique
CC(C)OC(=O)Nc1cccc(Cl)c1,1,-3.38,-3.38,0.0,keep_unique
CCN1c2ncccc2C(=O)N(C)c2ccc(Cl)nc21,1,-4.114,-4.114,0.0,keep_unique
CNC(=O)Oc1cccc2ccccc12,1,-3.224,-3.224,0.0,keep_unique
C#C,1,0.29,0.29,0.0,keep_unique
Cc1cncc(C)c1,1,0.38,0.38,0.0,keep_unique
C1=CCC=CC1,1,-2.06,-2.06,0.0,keep_unique
CCOC(=O)N(C)C(=O)CSP(=S)(OCC)OCC,1,-2.518,-2.518,0.0,keep_unique
CC(O)c1ccccc1,1,-0.92,-0.92,0.0,keep_unique
CC(Cl)CCl,1,-1.6,-1.6,0.0,keep_unique
CCCC=C(C=O)CC,1,-2.46,-2.46,0.0,keep_unique
CCOP(=S)(OCC)SCCSCC,1,-4.23,-4.23,0.0,keep_unique
CC(=O)OC1(C)CCC2C3CCC4=CC(=O)CCC4(C)C3CCC21C,1,-5.284,-5.284,0.0,keep_unique
Clc1ccc(-c2c(Cl)cccc2Cl)cc1,1,-6.14,-6.14,0.0,keep_unique
O=C(NC(=O)c1c(F)cccc1F)Nc1ccc(Cl)cc1,1,-6.02,-6.02,0.0,keep_unique
Oc1cc(Cl)ccc1Oc1ccc(Cl)cc1Cl,1,-4.46,-4.46,0.0,keep_unique
CC(C)CCCCCOC(=O)c1ccccc1C(=O)OCCCCCC(C)C,1,-6.6370000000000005,-6.6370000000000005,0.0,keep_unique
CC12CCC(=O)C=C1CCC1C2C(O)CC2(C)C(C(=O)CO)CCC12,1,-3.24,-3.24,0.0,keep_unique
Cc1cc(C)cc(C)c1,1,-3.4,-3.4,0.0,keep_unique
CCCCCCCCOC(=O)c1ccccc1C(=O)OCCCCCCCC,1,-5.115,-5.115,0.0,keep_unique
CCCCCCCCCCCCCCCO,1,-6.35,-6.35,0.0,keep_unique
Clc1cccc(Cl)c1-c1c(Cl)cccc1Cl,1,-7.39,-7.39,0.0,keep_unique
CC1(C)C(=O)NC(=O)NC1=O,1,-1.742,-1.742,0.0,keep_unique
CC(C)I,1,-2.09,-2.09,0.0,keep_unique
O=[N+]([O-])c1ccccc1[N+](=O)[O-],1,-3.1,-3.1,0.0,keep_unique
CC(=O)C(C)C,1,-0.12,-0.12,0.0,keep_unique
CCCCCCCCCCCCCCCC,1,-8.4,-8.4,0.0,keep_unique
Cc1cccc2sc3nncn3c12,1,-2.07,-2.07,0.0,keep_unique
CCCCCCC(C)=O,1,-2.05,-2.05,0.0,keep_unique
CCCCCCCCC(=O)OC,1,-3.38,-3.38,0.0,keep_unique
Fc1ccc(F)cc1,1,-1.97,-1.97,0.0,keep_unique
O=C1CCC(N2C(=O)c3ccccc3C2=O)C(=O)N1,1,-2.676,-2.676,0.0,keep_unique
CCCN(CCC)c1c([N+](=O)[O-])cc(C(F)(F)F)cc1[N+](=O)[O-],1,-5.68,-5.68,0.0,keep_unique
CCO,1,1.1,1.1,0.0,keep_unique
O=C1NC(=O)C2(CCCC2)C(=O)N1,1,-2.349,-2.349,0.0,keep_unique
CCNC(=O)C(C)OC(=O)Nc1ccccc1,1,-1.83,-1.83,0.0,keep_unique
CC(C)=CC1C(C(=O)OCc2cccc(Oc3ccccc3)c2)C1(C)C,1,-5.24,-5.24,0.0,keep_unique
CN(C)C(=O)NC1CCCCCCC1,1,-2.218,-2.218,0.0,keep_unique
ClC1(Cl)C2(Cl)C3(Cl)C4(Cl)C(Cl)(Cl)C5(Cl)C3(Cl)C1(Cl)C5(Cl)C24Cl,1,-6.8,-6.8,0.0,keep_unique
CCCCCCCCBr,1,-5.06,-5.06,0.0,keep_unique
CCCCNC(=O)n1c(NC(=O)OC)nc2ccccc21,1,-4.883,-4.883,0.0,keep_unique
Cc1c(N(C)C)c(=O)n(-c2ccccc2)n1C,1,-0.364,-0.364,0.0,keep_unique
CCC(O)CC,1,-0.24,-0.24,0.0,keep_unique
Cc1ccc([N+](=O)[O-])cc1,1,-2.49,-2.49,0.0,keep_unique
CC(C)CCCO,1,-1.14,-1.14,0.0,keep_unique
C#CC1(O)CCC2C3CCC4=CC(=O)CCC4(O)C3CCC21C,1,-4.57,-4.57,0.0,keep_unique
CC(C)OC(=O)C(O)(c1ccc(Br)cc1)c1ccc(Br)cc1,1,-4.93,-4.93,0.0,keep_unique
Nc1cnn(-c2ccccc2)c(=O)c1Cl,1,-2.878,-2.878,0.0,keep_unique
CCC(C)(C)O,1,0.15,0.15,0.0,keep_unique
Cc1ccc(O)cc1,1,-0.73,-0.73,0.0,keep_unique
CCOC=O,1,0.15,0.15,0.0,keep_unique
CN(C)c1ccccc1,1,-1.92,-1.92,0.0,keep_unique
C1CCC2CCCCC2C1,1,-5.19,-5.19,0.0,keep_unique
CCCCS,1,-2.18,-2.18,0.0,keep_unique
c1ccc2c(c1)c1cccc3ccc4cccc2c4c31,1,-7.8,-7.8,0.0,keep_unique
ClC(Cl)=C(Cl)Cl,1,-2.54,-2.54,0.0,keep_unique
CCC(=O)CC,1,-0.28,-0.28,0.0,keep_unique
C=CC#N,1,0.15,0.15,0.0,keep_unique
CC1CC2C3CC(F)C4=CC(=O)C=CC4(C)C3(F)C(O)CC2(C)C1(O)C(=O)CO,1,-5.613,-5.613,0.0,keep_unique
CCCCC(C)=O,1,-0.8,-0.8,0.0,keep_unique
CCNc1nc(NC(C)(C)C)nc(OC)n1,1,-3.239,-3.239,0.0,keep_unique
CCCCC(C)CC,1,-5.16,-5.16,0.0,keep_unique
BrCCBr,1,-1.68,-1.68,0.0,keep_unique
CNC(=O)Oc1ccccc1C(C)C,1,-2.863,-2.863,0.0,keep_unique
O=C1NCCN1c1ncc([N+](=O)[O-])s1,1,-3.22,-3.22,0.0,keep_unique
c1ccc2c(c1)Cc1c-2ccc2ccccc12,1,-6.68,-6.68,0.0,keep_unique
COc1ccccc1Cl,1,-2.46,-2.46,0.0,keep_unique
COP(=S)(OC)Oc1cc(Cl)c(Br)cc1Cl,1,-6.09,-6.09,0.0,keep_unique
O=C(CC(Cl)Cl)NC1=C(Cl)C(=O)c2ccccc2C1=O,1,-5.03,-5.03,0.0,keep_unique
C=CC(=O)OC,1,-0.22,-0.22,0.0,keep_unique
CN(C)C(=O)Nc1ccc(Oc2ccc(Cl)cc2)cc1,1,-4.89,-4.89,0.0,keep_unique
c1ccc(N=Nc2ccccc2)cc1,1,-4.45,-4.45,0.0,keep_unique
Cc1ccc(C(C)C)cc1,1,-3.77,-3.77,0.0,keep_unique
Oc1c(Cl)cccc1Cl,1,-1.79,-1.79,0.0,keep_unique
OCC1OC(OC2(CO)OC(CO)C(O)C2O)C(O)C(O)C1O,1,0.79,0.79,0.0,keep_unique
OC1C(O)C(O)C(O)C(O)C1O,1,0.35,0.35,0.0,keep_unique
Cn1c(=O)c2c(ncn2CC(O)CO)n(C)c1=O,1,-0.17,-0.17,0.0,keep_unique
O=C(NC(CO)C(O)c1ccc([N+](=O)[O-])cc1)C(Cl)Cl,1,-2.111,-2.111,0.0,keep_unique
CCC(O)(CC)CC,1,-0.85,-0.85,0.0,keep_unique
CC12CCC3C(CCC4CC5SC5CC43C)C1CCC2O,1,-5.41,-5.41,0.0,keep_unique
Brc1ccccc1Br,1,-3.5,-3.5,0.0,keep_unique
Oc1c(Cl)cc(Cl)cc1Cl,1,-2.34,-2.34,0.0,keep_unique
CCCN(CCC)c1c([N+](=O)[O-])cc(S(N)(=O)=O)cc1[N+](=O)[O-],1,-5.16,-5.16,0.0,keep_unique
O=C1c2ccccc2Cc2ccccc2N1CCF,1,-4.799,-4.799,0.0,keep_unique
CC(C)C(=O)C(C)C,1,-1.3,-1.3,0.0,keep_unique
CC(C)=CCC1(C(C)C)C(=O)NC(=O)NC1=O,1,-2.593,-2.593,0.0,keep_unique
COC1=CC2OC3C=CC(O)=CC3C(=O)C2C(O)=C1,1,-2.943,-2.943,0.0,keep_unique
Cn1c(=O)c2c(ncn2C)n(C)c1=O,1,-0.8759999999999999,-0.8759999999999999,0.0,keep_unique
CC(=O)SC1CC2=CC(=O)CCC2(C)C2CCC3(C)C(CCC34CCC(=O)O4)C12,1,-4.173,-4.173,0.0,keep_unique
Cc1ccc(O)cc1C,1,-1.38,-1.38,0.0,keep_unique
c1ccc(Oc2ccccc2)cc1,1,-3.96,-3.96,0.0,keep_unique
Clc1cc(Cl)c(-c2cc(Cl)c(Cl)cc2Cl)cc1Cl,1,-8.56,-8.56,0.0,keep_unique
NC(=O)c1cccnc1,1,0.61,0.61,0.0,keep_unique
Sc1ccccc1,1,-2.12,-2.12,0.0,keep_unique
CNC(=O)Oc1cc(C)cc(C)c1,1,-2.5810000000000004,-2.5810000000000004,0.0,keep_unique
ClC1=C(Cl)C2(Cl)C3C(Cl)C(Cl)CC3C1(Cl)C2(Cl)Cl,1,-6.86,-6.86,0.0,keep_unique
CSSC,1,-1.44,-1.44,0.0,keep_unique
NC(=O)c1ccccc1,1,-0.96,-0.96,0.0,keep_unique
Clc1ccccc1Br,1,-3.19,-3.19,0.0,keep_unique
COC(=O)c1ccccc1OC1OC(COC2OCC(O)C(O)C2O)C(O)C(O)C1O,1,-0.742,-0.742,0.0,keep_unique
CCCCC(O)CC,1,-1.47,-1.47,0.0,keep_unique
CCN1c2ncccc2C(=O)Nc2c(C)cc(C)nc21,1,-4.553999999999999,-4.553999999999999,0.0,keep_unique
Oc1cc(Cl)cc(Cl)c1,1,-1.34,-1.34,0.0,keep_unique
Cc1cccc2c1ccc1ccccc12,1,-5.85,-5.85,0.0,keep_unique
CCCCC(CC)CO,1,-2.11,-2.11,0.0,keep_unique
CC(C)N(C(=O)SCC(Cl)=CCl)C(C)C,1,-4.2860000000000005,-4.2860000000000005,0.0,keep_unique
Cc1ccccc1,1,-2.21,-2.21,0.0,keep_unique
Clc1cccc(C(Cl)(Cl)Cl)n1,1,-3.76,-3.76,0.0,keep_unique
C1=CCCCCC1,1,-3.18,-3.18,0.0,keep_unique
CN(C)C(=S)SSC(=S)N(C)C,1,-3.9,-3.9,0.0,keep_unique
COC1=CC(=O)CC(C)C12Oc1c(Cl)c(OC)cc(OC)c1C2=O,1,-3.2460000000000004,-3.2460000000000004,0.0,keep_unique
CCCCCCCCCCO,1,-3.63,-3.63,0.0,keep_unique
CCC(C)(C)CC,1,-4.23,-4.23,0.0,keep_unique
CNC(=O)C(C)SCCSP(=O)(OC)OC,1,1.144,1.144,0.0,keep_unique
Oc1cc(Cl)c(Cl)c(Cl)c1Cl,1,-3.15,-3.15,0.0,keep_unique
CCCC=O,1,-0.01,-0.01,0.0,keep_unique
CC(=O)OCC(=O)C1(O)C(C)CC2C3CCC4=CC(=O)C=CC4(C)C3(F)C(O)CC21C,1,-4.9,-4.9,0.0,keep_unique
CCCC,1,-2.57,-2.57,0.0,keep_unique
CC(=O)C1(O)CCC2C3CC(C)C4=CC(=O)C=CC4(C)C3(F)C(O)CC21C,1,-4.099,-4.099,0.0,keep_unique
ClC(Cl)C(Cl)(Cl)Cl,1,-2.6,-2.6,0.0,keep_unique
CCOC(=O)c1ccccc1C(=O)OCC,1,-2.35,-2.35,0.0,keep_unique
CC(C)CO,1,0.1,0.1,0.0,keep_unique
CC(C)Cc1ccccc1,1,-4.12,-4.12,0.0,keep_unique
ICI,1,-2.34,-2.34,0.0,keep_unique
CCCC(O)CCC,1,-1.4,-1.4,0.0,keep_unique
CCCCCOC(C)=O,1,-1.89,-1.89,0.0,keep_unique
Oc1c(Cl)c(Cl)cc(Cl)c1Cl,1,-3.37,-3.37,0.0,keep_unique
CCCc1ccccc1,1,-3.37,-3.37,0.0,keep_unique
FC(F)(Cl)C(F)(F)Cl,1,-2.74,-2.74,0.0,keep_unique
CC=CC=O,1,0.32,0.32,0.0,keep_unique
CN(C)C(=O)N(C)C,1,0.94,0.94,0.0,keep_unique
Cc1cc(C)c(C)cc1C,1,-4.59,-4.59,0.0,keep_unique
C#CC1(OC(C)=O)CCC2C3CCC4=CC(=O)CCC4C3CCC21C,1,-4.8,-4.8,0.0,keep_unique
CCOP(=S)(OCC)N1C(=O)c2ccccc2C1=O,1,-3.35,-3.35,0.0,keep_unique
O=C(Nc1ccccc1)c1ccccc1O,1,-3.59,-3.59,0.0,keep_unique
C=C(Cl)CSC(=S)N(CC)CC,1,-3.39,-3.39,0.0,keep_unique
CCCl,1,-1.06,-1.06,0.0,keep_unique
CC(=O)Nc1cc(NS(=O)(=O)C(F)(F)F)c(C)cc1C,1,-3.24,-3.24,0.0,keep_unique
O=C(C=CC=Cc1ccc2c(c1)OCO2)N1CCCCC1,1,-3.46,-3.46,0.0,keep_unique
C/C=C\CC,1,-2.54,-2.54,0.0,keep_unique
CNC(=O)ON=C(CSC)C(C)(C)C,1,-1.62,-1.62,0.0,keep_unique
O=C1NC(=O)C2(CCCCCCC2)C(=O)N1,1,-2.982,-2.982,0.0,keep_unique
CNC(=O)Oc1cc(C(C)(C)C)cc(C(C)(C)C)c1,1,-4.24,-4.24,0.0,keep_unique
O=C1CC(c2ccc(O)c(O)c2)Oc2cc(O)cc(O)c21,1,-3.62,-3.62,0.0,keep_unique
O=C(c1ccccc1)c1ccccc1,1,-3.12,-3.12,0.0,keep_unique
CCCCCCCCCCCCCCCCCCCC,1,-8.172,-8.172,0.0,keep_unique
c1ccc(NNc2ccccc2)cc1,1,-2.92,-2.92,0.0,keep_unique
CCC(CC)CO,1,-1.17,-1.17,0.0,keep_unique
Oc1ccncc1,1,1.02,1.02,0.0,keep_unique
Cl/C=C\Cl,1,-1.3,-1.3,0.0,keep_unique
CC1CCCC1,1,-3.3,-3.3,0.0,keep_unique
CC(C)CC(C)O,1,-0.8,-0.8,0.0,keep_unique
Cc1ccc2c(c1)C(=O)N(C)c1cc(N)ccc1O2,1,-3.928,-3.928,0.0,keep_unique
CC(C)(C)CO,1,-0.4,-0.4,0.0,keep_unique
CC(C)(C)C(=O)C(Oc1ccc(Cl)cc1)n1cncn1,1,-3.61,-3.61,0.0,keep_unique
Cc1cc(C(=O)NNCc2ccccc2)no1,1,-2.461,-2.461,0.0,keep_unique
C=CC,1,-1.08,-1.08,0.0,keep_unique
Oc1ccc(Cl)cc1Cc1cc(Cl)ccc1O,1,-3.953,-3.953,0.0,keep_unique
CCOC(=O)Nc1cccc(OC(=O)Nc2ccccc2)c1,1,-4.632,-4.632,0.0,keep_unique
O=C1c2ccccc2C(=O)c2ccccc21,1,-5.19,-5.19,0.0,keep_unique
CCCCCCC(C)O,1,-2.09,-2.09,0.0,keep_unique
CC1=C(C(=O)Nc2ccccc2)S(=O)(=O)CCO1,1,-2.281,-2.281,0.0,keep_unique
CCCCc1ccccc1,1,-4.06,-4.06,0.0,keep_unique
O=C1NC(=O)C(=O)N1,1,-0.4,-0.4,0.0,keep_unique
COP(=S)(OC)Oc1ccc(Sc2ccc(OP(=S)(OC)OC)cc2)cc1,1,-6.237,-6.237,0.0,keep_unique
NS(=O)(=O)c1cc(C2(O)NC(=O)c3ccccc32)ccc1Cl,1,-3.451,-3.451,0.0,keep_unique
CC(=O)OCC(C)C,1,-1.21,-1.21,0.0,keep_unique
CC(C)C(C)(C)C,1,-4.36,-4.36,0.0,keep_unique
Clc1ccc(-c2c(Cl)cc(Cl)c(Cl)c2Cl)c(Cl)c1Cl,1,-7.66,-7.66,0.0,keep_unique
N#Cc1ccccc1C#N,1,-2.38,-2.38,0.0,keep_unique
Cc1cccc([N+](=O)[O-])c1,1,-2.44,-2.44,0.0,keep_unique
FC(F)(F)C(Cl)Br,1,-1.71,-1.71,0.0,keep_unique
CNC(=O)ON=C(SC)C(=O)N(C)C,1,0.106,0.106,0.0,keep_unique
CCSCCSP(=S)(OC)OC,1,-3.091,-3.091,0.0,keep_unique
CCC(C)C,1,-3.18,-3.18,0.0,keep_unique
COP(=O)(OC)OC(=CCl)c1cc(Cl)c(Cl)cc1Cl,1,-4.522,-4.522,0.0,keep_unique
