fingerprint_bit,active_molecule_count,active_fraction
fp_0000,4,0.0035842293906810036
fp_0001,184,0.16487455197132617
fp_0002,21,0.01881720430107527
fp_0003,1,0.0008960573476702509
fp_0004,2,0.0017921146953405018
fp_0005,7,0.0062724014336917565
fp_0006,1,0.0008960573476702509
fp_0007,23,0.02060931899641577
fp_0008,0,0.0
fp_0009,4,0.0035842293906810036
fp_0010,0,0.0
fp_0011,3,0.002688172043010753
fp_0012,0,0.0
fp_0013,41,0.036738351254480286
fp_0014,9,0.008064516129032258
fp_0015,1,0.0008960573476702509
fp_0016,18,0.016129032258064516
fp_0017,1,0.0008960573476702509
fp_0018,4,0.0035842293906810036
fp_0019,3,0.002688172043010753
fp_0020,4,0.0035842293906810036
fp_0021,1,0.0008960573476702509
fp_0022,3,0.002688172043010753
fp_0023,11,0.00985663082437276
fp_0024,18,0.016129032258064516
fp_0025,8,0.007168458781362007
fp_0026,3,0.002688172043010753
fp_0027,4,0.0035842293906810036
fp_0028,3,0.002688172043010753
fp_0029,5,0.004480286738351254
fp_0030,0,0.0
fp_0031,11,0.00985663082437276
fp_0032,2,0.0017921146953405018
fp_0033,6,0.005376344086021506
fp_0034,19,0.017025089605734768
fp_0035,3,0.002688172043010753
fp_0036,1,0.0008960573476702509
fp_0037,3,0.002688172043010753
fp_0038,0,0.0
fp_0039,3,0.002688172043010753
fp_0040,3,0.002688172043010753
fp_0041,4,0.0035842293906810036
fp_0042,0,0.0
fp_0043,9,0.008064516129032258
fp_0044,2,0.0017921146953405018
fp_0045,3,0.002688172043010753
fp_0046,1,0.0008960573476702509
fp_0047,9,0.008064516129032258
fp_0048,0,0.0
fp_0049,1,0.0008960573476702509
fp_0050,4,0.0035842293906810036
fp_0051,7,0.0062724014336917565
fp_0052,9,0.008064516129032258
fp_0053,1,0.0008960573476702509
fp_0054,5,0.004480286738351254
fp_0055,0,0.0
fp_0056,3,0.002688172043010753
fp_0057,9,0.008064516129032258
fp_0058,3,0.002688172043010753
fp_0059,0,0.0
fp_0060,1,0.0008960573476702509
fp_0061,15,0.013440860215053764
fp_0062,4,0.0035842293906810036
fp_0063,1,0.0008960573476702509
fp_0064,1,0.0008960573476702509
fp_0065,6,0.005376344086021506
fp_0066,4,0.0035842293906810036
fp_0067,5,0.004480286738351254
fp_0068,3,0.002688172043010753
fp_0069,23,0.02060931899641577
fp_0070,2,0.0017921146953405018
fp_0071,2,0.0017921146953405018
fp_0072,5,0.004480286738351254
fp_0073,0,0.0
fp_0074,11,0.00985663082437276
fp_0075,9,0.008064516129032258
fp_0076,1,0.0008960573476702509
fp_0077,3,0.002688172043010753
fp_0078,1,0.0008960573476702509
fp_0079,4,0.0035842293906810036
fp_0080,456,0.40860215053763443
fp_0081,8,0.007168458781362007
fp_0082,2,0.0017921146953405018
fp_0083,3,0.002688172043010753
fp_0084,45,0.04032258064516129
fp_0085,0,0.0
fp_0086,2,0.0017921146953405018
fp_0087,5,0.004480286738351254
fp_0088,25,0.022401433691756272
fp_0089,5,0.004480286738351254
fp_0090,8,0.007168458781362007
fp_0091,10,0.008960573476702509
fp_0092,14,0.012544802867383513
fp_0093,0,0.0
fp_0094,7,0.0062724014336917565
fp_0095,2,0.0017921146953405018
fp_0096,1,0.0008960573476702509
fp_0097,46,0.04121863799283154
fp_0098,0,0.0
fp_0099,2,0.0017921146953405018
fp_0100,1,0.0008960573476702509
fp_0101,3,0.002688172043010753
fp_0102,10,0.008960573476702509
fp_0103,1,0.0008960573476702509
fp_0104,1,0.0008960573476702509
fp_0105,14,0.012544802867383513
fp_0106,7,0.0062724014336917565
fp_0107,3,0.002688172043010753
fp_0108,1,0.0008960573476702509
fp_0109,7,0.0062724014336917565
fp_0110,7,0.0062724014336917565
fp_0111,0,0.0
fp_0112,2,0.0017921146953405018
fp_0113,14,0.012544802867383513
fp_0114,92,0.08243727598566308
fp_0115,4,0.0035842293906810036
fp_0116,54,0.04838709677419355
fp_0117,11,0.00985663082437276
fp_0118,15,0.013440860215053764
fp_0119,10,0.008960573476702509
fp_0120,7,0.0062724014336917565
fp_0121,9,0.008064516129032258
fp_0122,0,0.0
fp_0123,1,0.0008960573476702509
fp_0124,4,0.0035842293906810036
fp_0125,4,0.0035842293906810036
fp_0126,5,0.004480286738351254
fp_0127,9,0.008064516129032258
fp_0128,2,0.0017921146953405018
fp_0129,3,0.002688172043010753
fp_0130,19,0.017025089605734768
fp_0131,3,0.002688172043010753
fp_0132,0,0.0
fp_0133,8,0.007168458781362007
fp_0134,1,0.0008960573476702509
fp_0135,9,0.008064516129032258
fp_0136,2,0.0017921146953405018
fp_0137,8,0.007168458781362007
fp_0138,2,0.0017921146953405018
fp_0139,1,0.0008960573476702509
fp_0140,21,0.01881720430107527
fp_0141,0,0.0
fp_0142,8,0.007168458781362007
fp_0143,1,0.0008960573476702509
fp_0144,5,0.004480286738351254
fp_0145,28,0.025089605734767026
fp_0146,2,0.0017921146953405018
fp_0147,65,0.05824372759856631
fp_0148,0,0.0
fp_0149,1,0.0008960573476702509
fp_0150,5,0.004480286738351254
fp_0151,22,0.01971326164874552
fp_0152,1,0.0008960573476702509
fp_0153,0,0.0
fp_0154,3,0.002688172043010753
fp_0155,2,0.0017921146953405018
fp_0156,1,0.0008960573476702509
fp_0157,7,0.0062724014336917565
fp_0158,14,0.012544802867383513
fp_0159,1,0.0008960573476702509
fp_0160,8,0.007168458781362007
fp_0161,0,0.0
fp_0162,9,0.008064516129032258
fp_0163,0,0.0
fp_0164,11,0.00985663082437276
fp_0165,53,0.047491039426523295
fp_0166,4,0.0035842293906810036
fp_0167,13,0.011648745519713262
fp_0168,4,0.0035842293906810036
fp_0169,1,0.0008960573476702509
fp_0170,2,0.0017921146953405018
fp_0171,2,0.0017921146953405018
fp_0172,3,0.002688172043010753
fp_0173,1,0.0008960573476702509
fp_0174,0,0.0
fp_0175,7,0.0062724014336917565
fp_0176,1,0.0008960573476702509
fp_0177,4,0.0035842293906810036
fp_0178,1,0.0008960573476702509
fp_0179,0,0.0
fp_0180,10,0.008960573476702509
fp_0181,8,0.007168458781362007
fp_0182,31,0.027777777777777776
fp_0183,2,0.0017921146953405018
fp_0184,18,0.016129032258064516
fp_0185,0,0.0
fp_0186,1,0.0008960573476702509
fp_0187,2,0.0017921146953405018
fp_0188,2,0.0017921146953405018
fp_0189,1,0.0008960573476702509
fp_0190,8,0.007168458781362007
fp_0191,50,0.044802867383512544
fp_0192,47,0.042114695340501794
fp_0193,41,0.036738351254480286
fp_0194,1,0.0008960573476702509
fp_0195,11,0.00985663082437276
fp_0196,0,0.0
fp_0197,8,0.007168458781362007
fp_0198,4,0.0035842293906810036
fp_0199,7,0.0062724014336917565
fp_0200,0,0.0
fp_0201,1,0.0008960573476702509
fp_0202,25,0.022401433691756272
fp_0203,34,0.03046594982078853
fp_0204,6,0.005376344086021506
fp_0205,4,0.0035842293906810036
fp_0206,6,0.005376344086021506
fp_0207,11,0.00985663082437276
fp_0208,2,0.0017921146953405018
fp_0209,2,0.0017921146953405018
fp_0210,3,0.002688172043010753
fp_0211,1,0.0008960573476702509
fp_0212,2,0.0017921146953405018
fp_0213,2,0.0017921146953405018
fp_0214,2,0.0017921146953405018
fp_0215,2,0.0017921146953405018
fp_0216,84,0.07526881720430108
fp_0217,1,0.0008960573476702509
fp_0218,5,0.004480286738351254
fp_0219,0,0.0
fp_0220,4,0.0035842293906810036
fp_0221,4,0.0035842293906810036
fp_0222,70,0.06272401433691756
fp_0223,2,0.0017921146953405018
fp_0224,7,0.0062724014336917565
fp_0225,2,0.0017921146953405018
fp_0226,1,0.0008960573476702509
fp_0227,37,0.033154121863799284
fp_0228,3,0.002688172043010753
fp_0229,7,0.0062724014336917565
fp_0230,4,0.0035842293906810036
fp_0231,17,0.015232974910394265
fp_0232,2,0.0017921146953405018
fp_0233,5,0.004480286738351254
fp_0234,0,0.0
fp_0235,25,0.022401433691756272
fp_0236,0,0.0
fp_0237,13,0.011648745519713262
fp_0238,7,0.0062724014336917565
fp_0239,12,0.010752688172043012
fp_0240,4,0.0035842293906810036
fp_0241,1,0.0008960573476702509
fp_0242,32,0.02867383512544803
fp_0243,1,0.0008960573476702509
fp_0244,2,0.0017921146953405018
fp_0245,11,0.00985663082437276
fp_0246,1,0.0008960573476702509
fp_0247,1,0.0008960573476702509
fp_0248,3,0.002688172043010753
fp_0249,17,0.015232974910394265
fp_0250,1,0.0008960573476702509
fp_0251,22,0.01971326164874552
fp_0252,17,0.015232974910394265
fp_0253,3,0.002688172043010753
fp_0254,4,0.0035842293906810036
fp_0255,20,0.017921146953405017
fp_0256,4,0.0035842293906810036
fp_0257,2,0.0017921146953405018
fp_0258,2,0.0017921146953405018
fp_0259,4,0.0035842293906810036
fp_0260,3,0.002688172043010753
fp_0261,0,0.0
fp_0262,3,0.002688172043010753
fp_0263,5,0.004480286738351254
fp_0264,4,0.0035842293906810036
fp_0265,10,0.008960573476702509
fp_0266,3,0.002688172043010753
fp_0267,2,0.0017921146953405018
fp_0268,3,0.002688172043010753
fp_0269,0,0.0
fp_0270,7,0.0062724014336917565
fp_0271,3,0.002688172043010753
fp_0272,6,0.005376344086021506
fp_0273,0,0.0
fp_0274,2,0.0017921146953405018
fp_0275,3,0.002688172043010753
fp_0276,5,0.004480286738351254
fp_0277,2,0.0017921146953405018
fp_0278,1,0.0008960573476702509
fp_0279,4,0.0035842293906810036
fp_0280,6,0.005376344086021506
fp_0281,2,0.0017921146953405018
fp_0282,2,0.0017921146953405018
fp_0283,124,0.1111111111111111
fp_0284,0,0.0
fp_0285,1,0.0008960573476702509
fp_0286,15,0.013440860215053764
fp_0287,18,0.016129032258064516
fp_0288,7,0.0062724014336917565
fp_0289,15,0.013440860215053764
fp_0290,1,0.0008960573476702509
fp_0291,0,0.0
fp_0292,1,0.0008960573476702509
fp_0293,8,0.007168458781362007
fp_0294,323,0.289426523297491
fp_0295,12,0.010752688172043012
fp_0296,5,0.004480286738351254
fp_0297,5,0.004480286738351254
fp_0298,6,0.005376344086021506
fp_0299,1,0.0008960573476702509
fp_0300,3,0.002688172043010753
fp_0301,9,0.008064516129032258
fp_0302,10,0.008960573476702509
fp_0303,2,0.0017921146953405018
fp_0304,2,0.0017921146953405018
fp_0305,12,0.010752688172043012
fp_0306,1,0.0008960573476702509
fp_0307,2,0.0017921146953405018
fp_0308,5,0.004480286738351254
fp_0309,5,0.004480286738351254
fp_0310,13,0.011648745519713262
fp_0311,4,0.0035842293906810036
fp_0312,4,0.0035842293906810036
fp_0313,3,0.002688172043010753
fp_0314,207,0.18548387096774194
fp_0315,10,0.008960573476702509
fp_0316,2,0.0017921146953405018
fp_0317,5,0.004480286738351254
fp_0318,3,0.002688172043010753
fp_0319,11,0.00985663082437276
fp_0320,1,0.0008960573476702509
fp_0321,3,0.002688172043010753
fp_0322,62,0.05555555555555555
fp_0323,4,0.0035842293906810036
fp_0324,2,0.0017921146953405018
fp_0325,7,0.0062724014336917565
fp_0326,5,0.004480286738351254
fp_0327,9,0.008064516129032258
fp_0328,3,0.002688172043010753
fp_0329,1,0.0008960573476702509
fp_0330,2,0.0017921146953405018
fp_0331,10,0.008960573476702509
fp_0332,3,0.002688172043010753
fp_0333,8,0.007168458781362007
fp_0334,4,0.0035842293906810036
fp_0335,2,0.0017921146953405018
fp_0336,4,0.0035842293906810036
fp_0337,1,0.0008960573476702509
fp_0338,2,0.0017921146953405018
fp_0339,4,0.0035842293906810036
fp_0340,1,0.0008960573476702509
fp_0341,4,0.0035842293906810036
fp_0342,3,0.002688172043010753
fp_0343,3,0.002688172043010753
fp_0344,4,0.0035842293906810036
fp_0345,20,0.017921146953405017
fp_0346,5,0.004480286738351254
fp_0347,1,0.0008960573476702509
fp_0348,4,0.0035842293906810036
fp_0349,10,0.008960573476702509
fp_0350,30,0.026881720430107527
fp_0351,1,0.0008960573476702509
fp_0352,76,0.06810035842293907
fp_0353,16,0.014336917562724014
fp_0354,29,0.025985663082437275
fp_0355,1,0.0008960573476702509
fp_0356,1,0.0008960573476702509
fp_0357,4,0.0035842293906810036
fp_0358,17,0.015232974910394265
fp_0359,3,0.002688172043010753
fp_0360,5,0.004480286738351254
fp_0361,11,0.00985663082437276
fp_0362,0,0.0
fp_0363,1,0.0008960573476702509
fp_0364,3,0.002688172043010753
fp_0365,1,0.0008960573476702509
fp_0366,101,0.09050179211469533
fp_0367,3,0.002688172043010753
fp_0368,7,0.0062724014336917565
fp_0369,1,0.0008960573476702509
fp_0370,5,0.004480286738351254
fp_0371,8,0.007168458781362007
fp_0372,1,0.0008960573476702509
fp_0373,3,0.002688172043010753
fp_0374,0,0.0
fp_0375,1,0.0008960573476702509
fp_0376,3,0.002688172043010753
fp_0377,1,0.0008960573476702509
fp_0378,143,0.12813620071684587
fp_0379,9,0.008064516129032258
fp_0380,7,0.0062724014336917565
fp_0381,19,0.017025089605734768
fp_0382,3,0.002688172043010753
fp_0383,10,0.008960573476702509
fp_0384,1,0.0008960573476702509
fp_0385,3,0.002688172043010753
fp_0386,2,0.0017921146953405018
fp_0387,10,0.008960573476702509
fp_0388,0,0.0
fp_0389,135,0.12096774193548387
fp_0390,0,0.0
fp_0391,1,0.0008960573476702509
fp_0392,56,0.05017921146953405
fp_0393,0,0.0
fp_0394,17,0.015232974910394265
fp_0395,2,0.0017921146953405018
fp_0396,1,0.0008960573476702509
fp_0397,2,0.0017921146953405018
fp_0398,2,0.0017921146953405018
fp_0399,1,0.0008960573476702509
fp_0400,3,0.002688172043010753
fp_0401,24,0.021505376344086023
fp_0402,3,0.002688172043010753
fp_0403,5,0.004480286738351254
fp_0404,6,0.005376344086021506
fp_0405,2,0.0017921146953405018
fp_0406,5,0.004480286738351254
fp_0407,19,0.017025089605734768
fp_0408,28,0.025089605734767026
fp_0409,3,0.002688172043010753
fp_0410,2,0.0017921146953405018
fp_0411,1,0.0008960573476702509
fp_0412,2,0.0017921146953405018
fp_0413,8,0.007168458781362007
fp_0414,4,0.0035842293906810036
fp_0415,1,0.0008960573476702509
fp_0416,0,0.0
fp_0417,4,0.0035842293906810036
fp_0418,7,0.0062724014336917565
fp_0419,8,0.007168458781362007
fp_0420,3,0.002688172043010753
fp_0421,2,0.0017921146953405018
fp_0422,1,0.0008960573476702509
fp_0423,2,0.0017921146953405018
fp_0424,2,0.0017921146953405018
fp_0425,0,0.0
fp_0426,16,0.014336917562724014
fp_0427,5,0.004480286738351254
fp_0428,4,0.0035842293906810036
fp_0429,4,0.0035842293906810036
fp_0430,6,0.005376344086021506
fp_0431,5,0.004480286738351254
fp_0432,9,0.008064516129032258
fp_0433,1,0.0008960573476702509
fp_0434,2,0.0017921146953405018
fp_0435,1,0.0008960573476702509
fp_0436,2,0.0017921146953405018
fp_0437,5,0.004480286738351254
fp_0438,2,0.0017921146953405018
fp_0439,1,0.0008960573476702509
fp_0440,4,0.0035842293906810036
fp_0441,15,0.013440860215053764
fp_0442,5,0.004480286738351254
fp_0443,1,0.0008960573476702509
fp_0444,2,0.0017921146953405018
fp_0445,5,0.004480286738351254
fp_0446,2,0.0017921146953405018
fp_0447,0,0.0
fp_0448,36,0.03225806451612903
fp_0449,8,0.007168458781362007
fp_0450,4,0.0035842293906810036
fp_0451,1,0.0008960573476702509
fp_0452,1,0.0008960573476702509
fp_0453,1,0.0008960573476702509
fp_0454,3,0.002688172043010753
fp_0455,8,0.007168458781362007
fp_0456,2,0.0017921146953405018
fp_0457,1,0.0008960573476702509
fp_0458,3,0.002688172043010753
fp_0459,3,0.002688172043010753
fp_0460,8,0.007168458781362007
fp_0461,7,0.0062724014336917565
fp_0462,0,0.0
fp_0463,6,0.005376344086021506
fp_0464,2,0.0017921146953405018
fp_0465,1,0.0008960573476702509
fp_0466,1,0.0008960573476702509
fp_0467,0,0.0
fp_0468,2,0.0017921146953405018
fp_0469,7,0.0062724014336917565
fp_0470,6,0.005376344086021506
fp_0471,3,0.002688172043010753
fp_0472,1,0.0008960573476702509
fp_0473,24,0.021505376344086023
fp_0474,1,0.0008960573476702509
fp_0475,2,0.0017921146953405018
fp_0476,2,0.0017921146953405018
fp_0477,2,0.0017921146953405018
fp_0478,4,0.0035842293906810036
fp_0479,32,0.02867383512544803
fp_0480,1,0.0008960573476702509
fp_0481,3,0.002688172043010753
fp_0482,15,0.013440860215053764
fp_0483,1,0.0008960573476702509
fp_0484,8,0.007168458781362007
fp_0485,9,0.008064516129032258
fp_0486,27,0.024193548387096774
fp_0487,4,0.0035842293906810036
fp_0488,11,0.00985663082437276
fp_0489,24,0.021505376344086023
fp_0490,4,0.0035842293906810036
fp_0491,4,0.0035842293906810036
fp_0492,3,0.002688172043010753
fp_0493,8,0.007168458781362007
fp_0494,14,0.012544802867383513
fp_0495,8,0.007168458781362007
fp_0496,4,0.0035842293906810036
fp_0497,1,0.0008960573476702509
fp_0498,1,0.0008960573476702509
fp_0499,4,0.0035842293906810036
fp_0500,3,0.002688172043010753
fp_0501,6,0.005376344086021506
fp_0502,7,0.0062724014336917565
fp_0503,10,0.008960573476702509
fp_0504,52,0.04659498207885305
fp_0505,0,0.0
fp_0506,2,0.0017921146953405018
fp_0507,5,0.004480286738351254
fp_0508,3,0.002688172043010753
fp_0509,0,0.0
fp_0510,3,0.002688172043010753
fp_0511,6,0.005376344086021506
fp_0512,1,0.0008960573476702509
fp_0513,2,0.0017921146953405018
fp_0514,2,0.0017921146953405018
fp_0515,1,0.0008960573476702509
fp_0516,1,0.0008960573476702509
fp_0517,4,0.0035842293906810036
fp_0518,3,0.002688172043010753
fp_0519,49,0.04390681003584229
fp_0520,1,0.0008960573476702509
fp_0521,3,0.002688172043010753
fp_0522,4,0.0035842293906810036
fp_0523,4,0.0035842293906810036
fp_0524,6,0.005376344086021506
fp_0525,5,0.004480286738351254
fp_0526,3,0.002688172043010753
fp_0527,4,0.0035842293906810036
fp_0528,9,0.008064516129032258
fp_0529,34,0.03046594982078853
fp_0530,8,0.007168458781362007
fp_0531,1,0.0008960573476702509
fp_0532,3,0.002688172043010753
fp_0533,3,0.002688172043010753
fp_0534,10,0.008960573476702509
fp_0535,3,0.002688172043010753
fp_0536,2,0.0017921146953405018
fp_0537,2,0.0017921146953405018
fp_0538,3,0.002688172043010753
fp_0539,0,0.0
fp_0540,3,0.002688172043010753
fp_0541,15,0.013440860215053764
fp_0542,0,0.0
fp_0543,1,0.0008960573476702509
fp_0544,3,0.002688172043010753
fp_0545,3,0.002688172043010753
fp_0546,0,0.0
fp_0547,15,0.013440860215053764
fp_0548,15,0.013440860215053764
fp_0549,8,0.007168458781362007
fp_0550,8,0.007168458781362007
fp_0551,3,0.002688172043010753
fp_0552,5,0.004480286738351254
fp_0553,2,0.0017921146953405018
fp_0554,7,0.0062724014336917565
fp_0555,22,0.01971326164874552
fp_0556,18,0.016129032258064516
fp_0557,3,0.002688172043010753
fp_0558,1,0.0008960573476702509
fp_0559,7,0.0062724014336917565
fp_0560,3,0.002688172043010753
fp_0561,191,0.17114695340501793
fp_0562,41,0.036738351254480286
fp_0563,1,0.0008960573476702509
fp_0564,8,0.007168458781362007
fp_0565,3,0.002688172043010753
fp_0566,1,0.0008960573476702509
fp_0567,3,0.002688172043010753
fp_0568,2,0.0017921146953405018
fp_0569,3,0.002688172043010753
fp_0570,1,0.0008960573476702509
fp_0571,1,0.0008960573476702509
fp_0572,0,0.0
fp_0573,9,0.008064516129032258
fp_0574,0,0.0
fp_0575,4,0.0035842293906810036
fp_0576,4,0.0035842293906810036
fp_0577,2,0.0017921146953405018
fp_0578,1,0.0008960573476702509
fp_0579,2,0.0017921146953405018
fp_0580,4,0.0035842293906810036
fp_0581,3,0.002688172043010753
fp_0582,13,0.011648745519713262
fp_0583,2,0.0017921146953405018
fp_0584,3,0.002688172043010753
fp_0585,11,0.00985663082437276
fp_0586,2,0.0017921146953405018
fp_0587,4,0.0035842293906810036
fp_0588,23,0.02060931899641577
fp_0589,6,0.005376344086021506
fp_0590,10,0.008960573476702509
fp_0591,113,0.10125448028673835
fp_0592,17,0.015232974910394265
fp_0593,1,0.0008960573476702509
fp_0594,1,0.0008960573476702509
fp_0595,0,0.0
fp_0596,4,0.0035842293906810036
fp_0597,26,0.023297491039426525
fp_0598,23,0.02060931899641577
fp_0599,9,0.008064516129032258
fp_0600,18,0.016129032258064516
fp_0601,19,0.017025089605734768
fp_0602,2,0.0017921146953405018
fp_0603,5,0.004480286738351254
fp_0604,2,0.0017921146953405018
fp_0605,0,0.0
fp_0606,10,0.008960573476702509
fp_0607,1,0.0008960573476702509
fp_0608,2,0.0017921146953405018
fp_0609,4,0.0035842293906810036
fp_0610,15,0.013440860215053764
fp_0611,2,0.0017921146953405018
fp_0612,2,0.0017921146953405018
fp_0613,5,0.004480286738351254
fp_0614,7,0.0062724014336917565
fp_0615,1,0.0008960573476702509
fp_0616,2,0.0017921146953405018
fp_0617,1,0.0008960573476702509
fp_0618,0,0.0
fp_0619,2,0.0017921146953405018
fp_0620,2,0.0017921146953405018
fp_0621,5,0.004480286738351254
fp_0622,39,0.03494623655913978
fp_0623,7,0.0062724014336917565
fp_0624,14,0.012544802867383513
fp_0625,5,0.004480286738351254
fp_0626,2,0.0017921146953405018
fp_0627,2,0.0017921146953405018
fp_0628,1,0.0008960573476702509
fp_0629,7,0.0062724014336917565
fp_0630,1,0.0008960573476702509
fp_0631,4,0.0035842293906810036
fp_0632,4,0.0035842293906810036
fp_0633,3,0.002688172043010753
fp_0634,0,0.0
fp_0635,0,0.0
fp_0636,1,0.0008960573476702509
fp_0637,3,0.002688172043010753
fp_0638,3,0.002688172043010753
fp_0639,6,0.005376344086021506
fp_0640,3,0.002688172043010753
fp_0641,18,0.016129032258064516
fp_0642,3,0.002688172043010753
fp_0643,1,0.0008960573476702509
fp_0644,1,0.0008960573476702509
fp_0645,2,0.0017921146953405018
fp_0646,4,0.0035842293906810036
fp_0647,6,0.005376344086021506
fp_0648,0,0.0
fp_0649,6,0.005376344086021506
fp_0650,506,0.45340501792114696
fp_0651,9,0.008064516129032258
fp_0652,2,0.0017921146953405018
fp_0653,2,0.0017921146953405018
fp_0654,4,0.0035842293906810036
fp_0655,3,0.002688172043010753
fp_0656,76,0.06810035842293907
fp_0657,1,0.0008960573476702509
fp_0658,10,0.008960573476702509
fp_0659,0,0.0
fp_0660,2,0.0017921146953405018
fp_0661,18,0.016129032258064516
fp_0662,2,0.0017921146953405018
fp_0663,0,0.0
fp_0664,10,0.008960573476702509
fp_0665,1,0.0008960573476702509
fp_0666,30,0.026881720430107527
fp_0667,9,0.008064516129032258
fp_0668,7,0.0062724014336917565
fp_0669,1,0.0008960573476702509
fp_0670,1,0.0008960573476702509
fp_0671,2,0.0017921146953405018
fp_0672,1,0.0008960573476702509
fp_0673,2,0.0017921146953405018
fp_0674,40,0.035842293906810034
fp_0675,23,0.02060931899641577
fp_0676,1,0.0008960573476702509
fp_0677,17,0.015232974910394265
fp_0678,0,0.0
fp_0679,18,0.016129032258064516
fp_0680,19,0.017025089605734768
fp_0681,1,0.0008960573476702509
fp_0682,4,0.0035842293906810036
fp_0683,1,0.0008960573476702509
fp_0684,3,0.002688172043010753
fp_0685,3,0.002688172043010753
fp_0686,2,0.0017921146953405018
fp_0687,4,0.0035842293906810036
fp_0688,2,0.0017921146953405018
fp_0689,1,0.0008960573476702509
fp_0690,10,0.008960573476702509
fp_0691,13,0.011648745519713262
fp_0692,6,0.005376344086021506
fp_0693,7,0.0062724014336917565
fp_0694,93,0.08333333333333333
fp_0695,245,0.21953405017921146
fp_0696,4,0.0035842293906810036
fp_0697,2,0.0017921146953405018
fp_0698,4,0.0035842293906810036
fp_0699,19,0.017025089605734768
fp_0700,0,0.0
fp_0701,5,0.004480286738351254
fp_0702,1,0.0008960573476702509
fp_0703,30,0.026881720430107527
fp_0704,4,0.0035842293906810036
fp_0705,1,0.0008960573476702509
fp_0706,2,0.0017921146953405018
fp_0707,3,0.002688172043010753
fp_0708,0,0.0
fp_0709,1,0.0008960573476702509
fp_0710,0,0.0
fp_0711,4,0.0035842293906810036
fp_0712,1,0.0008960573476702509
fp_0713,49,0.04390681003584229
fp_0714,0,0.0
fp_0715,64,0.05734767025089606
fp_0716,23,0.02060931899641577
fp_0717,8,0.007168458781362007
fp_0718,36,0.03225806451612903
fp_0719,0,0.0
fp_0720,0,0.0
fp_0721,0,0.0
fp_0722,4,0.0035842293906810036
fp_0723,3,0.002688172043010753
fp_0724,9,0.008064516129032258
fp_0725,25,0.022401433691756272
fp_0726,0,0.0
fp_0727,3,0.002688172043010753
fp_0728,53,0.047491039426523295
fp_0729,2,0.0017921146953405018
fp_0730,2,0.0017921146953405018
fp_0731,0,0.0
fp_0732,6,0.005376344086021506
fp_0733,2,0.0017921146953405018
fp_0734,3,0.002688172043010753
fp_0735,1,0.0008960573476702509
fp_0736,20,0.017921146953405017
fp_0737,2,0.0017921146953405018
fp_0738,5,0.004480286738351254
fp_0739,34,0.03046594982078853
fp_0740,1,0.0008960573476702509
fp_0741,2,0.0017921146953405018
fp_0742,1,0.0008960573476702509
fp_0743,1,0.0008960573476702509
fp_0744,2,0.0017921146953405018
fp_0745,46,0.04121863799283154
fp_0746,1,0.0008960573476702509
fp_0747,7,0.0062724014336917565
fp_0748,11,0.00985663082437276
fp_0749,1,0.0008960573476702509
fp_0750,16,0.014336917562724014
fp_0751,10,0.008960573476702509
fp_0752,4,0.0035842293906810036
fp_0753,59,0.0528673835125448
fp_0754,3,0.002688172043010753
fp_0755,2,0.0017921146953405018
fp_0756,1,0.0008960573476702509
fp_0757,9,0.008064516129032258
fp_0758,12,0.010752688172043012
fp_0759,9,0.008064516129032258
fp_0760,17,0.015232974910394265
fp_0761,2,0.0017921146953405018
fp_0762,7,0.0062724014336917565
fp_0763,4,0.0035842293906810036
fp_0764,5,0.004480286738351254
fp_0765,2,0.0017921146953405018
fp_0766,7,0.0062724014336917565
fp_0767,2,0.0017921146953405018
fp_0768,11,0.00985663082437276
fp_0769,11,0.00985663082437276
fp_0770,11,0.00985663082437276
fp_0771,4,0.0035842293906810036
fp_0772,16,0.014336917562724014
fp_0773,5,0.004480286738351254
fp_0774,1,0.0008960573476702509
fp_0775,4,0.0035842293906810036
fp_0776,3,0.002688172043010753
fp_0777,0,0.0
fp_0778,1,0.0008960573476702509
fp_0779,1,0.0008960573476702509
fp_0780,2,0.0017921146953405018
fp_0781,14,0.012544802867383513
fp_0782,4,0.0035842293906810036
fp_0783,5,0.004480286738351254
fp_0784,2,0.0017921146953405018
fp_0785,2,0.0017921146953405018
fp_0786,4,0.0035842293906810036
fp_0787,21,0.01881720430107527
fp_0788,2,0.0017921146953405018
fp_0789,2,0.0017921146953405018
fp_0790,23,0.02060931899641577
fp_0791,1,0.0008960573476702509
fp_0792,1,0.0008960573476702509
fp_0793,0,0.0
fp_0794,164,0.14695340501792115
fp_0795,4,0.0035842293906810036
fp_0796,1,0.0008960573476702509
fp_0797,6,0.005376344086021506
fp_0798,9,0.008064516129032258
fp_0799,3,0.002688172043010753
fp_0800,1,0.0008960573476702509
fp_0801,1,0.0008960573476702509
fp_0802,16,0.014336917562724014
fp_0803,20,0.017921146953405017
fp_0804,3,0.002688172043010753
fp_0805,4,0.0035842293906810036
fp_0806,20,0.017921146953405017
fp_0807,477,0.4274193548387097
fp_0808,10,0.008960573476702509
fp_0809,16,0.014336917562724014
fp_0810,0,0.0
fp_0811,8,0.007168458781362007
fp_0812,1,0.0008960573476702509
fp_0813,0,0.0
fp_0814,1,0.0008960573476702509
fp_0815,1,0.0008960573476702509
fp_0816,63,0.056451612903225805
fp_0817,2,0.0017921146953405018
fp_0818,0,0.0
fp_0819,1,0.0008960573476702509
fp_0820,10,0.008960573476702509
fp_0821,5,0.004480286738351254
fp_0822,0,0.0
fp_0823,15,0.013440860215053764
fp_0824,1,0.0008960573476702509
fp_0825,5,0.004480286738351254
fp_0826,1,0.0008960573476702509
fp_0827,1,0.0008960573476702509
fp_0828,2,0.0017921146953405018
fp_0829,2,0.0017921146953405018
fp_0830,0,0.0
fp_0831,12,0.010752688172043012
fp_0832,9,0.008064516129032258
fp_0833,27,0.024193548387096774
fp_0834,7,0.0062724014336917565
fp_0835,20,0.017921146953405017
fp_0836,9,0.008064516129032258
fp_0837,2,0.0017921146953405018
fp_0838,57,0.051075268817204304
fp_0839,7,0.0062724014336917565
fp_0840,10,0.008960573476702509
fp_0841,111,0.09946236559139784
fp_0842,1,0.0008960573476702509
fp_0843,36,0.03225806451612903
fp_0844,9,0.008064516129032258
fp_0845,3,0.002688172043010753
fp_0846,13,0.011648745519713262
fp_0847,6,0.005376344086021506
fp_0848,5,0.004480286738351254
fp_0849,21,0.01881720430107527
fp_0850,7,0.0062724014336917565
fp_0851,0,0.0
fp_0852,8,0.007168458781362007
fp_0853,14,0.012544802867383513
fp_0854,3,0.002688172043010753
fp_0855,12,0.010752688172043012
fp_0856,1,0.0008960573476702509
fp_0857,4,0.0035842293906810036
fp_0858,2,0.0017921146953405018
fp_0859,4,0.0035842293906810036
fp_0860,2,0.0017921146953405018
fp_0861,5,0.004480286738351254
fp_0862,14,0.012544802867383513
fp_0863,1,0.0008960573476702509
fp_0864,2,0.0017921146953405018
fp_0865,2,0.0017921146953405018
fp_0866,1,0.0008960573476702509
fp_0867,4,0.0035842293906810036
fp_0868,3,0.002688172043010753
fp_0869,2,0.0017921146953405018
fp_0870,17,0.015232974910394265
fp_0871,2,0.0017921146953405018
fp_0872,5,0.004480286738351254
fp_0873,2,0.0017921146953405018
fp_0874,0,0.0
fp_0875,232,0.2078853046594982
fp_0876,5,0.004480286738351254
fp_0877,3,0.002688172043010753
fp_0878,3,0.002688172043010753
fp_0879,15,0.013440860215053764
fp_0880,1,0.0008960573476702509
fp_0881,81,0.07258064516129033
fp_0882,3,0.002688172043010753
fp_0883,3,0.002688172043010753
fp_0884,13,0.011648745519713262
fp_0885,10,0.008960573476702509
fp_0886,3,0.002688172043010753
fp_0887,0,0.0
fp_0888,32,0.02867383512544803
fp_0889,3,0.002688172043010753
fp_0890,21,0.01881720430107527
fp_0891,2,0.0017921146953405018
fp_0892,6,0.005376344086021506
fp_0893,2,0.0017921146953405018
fp_0894,1,0.0008960573476702509
fp_0895,1,0.0008960573476702509
fp_0896,13,0.011648745519713262
fp_0897,6,0.005376344086021506
fp_0898,14,0.012544802867383513
fp_0899,3,0.002688172043010753
fp_0900,5,0.004480286738351254
fp_0901,7,0.0062724014336917565
fp_0902,4,0.0035842293906810036
fp_0903,3,0.002688172043010753
fp_0904,3,0.002688172043010753
fp_0905,0,0.0
fp_0906,14,0.012544802867383513
fp_0907,1,0.0008960573476702509
fp_0908,1,0.0008960573476702509
fp_0909,20,0.017921146953405017
fp_0910,13,0.011648745519713262
fp_0911,2,0.0017921146953405018
fp_0912,10,0.008960573476702509
fp_0913,9,0.008064516129032258
fp_0914,19,0.017025089605734768
fp_0915,17,0.015232974910394265
fp_0916,0,0.0
fp_0917,6,0.005376344086021506
fp_0918,6,0.005376344086021506
fp_0919,4,0.0035842293906810036
fp_0920,2,0.0017921146953405018
fp_0921,0,0.0
fp_0922,1,0.0008960573476702509
fp_0923,0,0.0
fp_0924,2,0.0017921146953405018
fp_0925,2,0.0017921146953405018
fp_0926,169,0.15143369175627241
fp_0927,2,0.0017921146953405018
fp_0928,1,0.0008960573476702509
fp_0929,1,0.0008960573476702509
fp_0930,8,0.007168458781362007
fp_0931,3,0.002688172043010753
fp_0932,29,0.025985663082437275
fp_0933,0,0.0
fp_0934,5,0.004480286738351254
fp_0935,91,0.08154121863799284
fp_0936,4,0.0035842293906810036
fp_0937,1,0.0008960573476702509
fp_0938,3,0.002688172043010753
fp_0939,3,0.002688172043010753
fp_0940,36,0.03225806451612903
fp_0941,6,0.005376344086021506
fp_0942,1,0.0008960573476702509
fp_0943,6,0.005376344086021506
fp_0944,2,0.0017921146953405018
fp_0945,1,0.0008960573476702509
fp_0946,8,0.007168458781362007
fp_0947,15,0.013440860215053764
fp_0948,1,0.0008960573476702509
fp_0949,3,0.002688172043010753
fp_0950,8,0.007168458781362007
fp_0951,3,0.002688172043010753
fp_0952,3,0.002688172043010753
fp_0953,15,0.013440860215053764
fp_0954,3,0.002688172043010753
fp_0955,1,0.0008960573476702509
fp_0956,3,0.002688172043010753
fp_0957,2,0.0017921146953405018
fp_0958,1,0.0008960573476702509
fp_0959,2,0.0017921146953405018
fp_0960,1,0.0008960573476702509
fp_0961,13,0.011648745519713262
fp_0962,2,0.0017921146953405018
fp_0963,4,0.0035842293906810036
fp_0964,4,0.0035842293906810036
fp_0965,1,0.0008960573476702509
fp_0966,1,0.0008960573476702509
fp_0967,13,0.011648745519713262
fp_0968,3,0.002688172043010753
fp_0969,0,0.0
fp_0970,4,0.0035842293906810036
fp_0971,6,0.005376344086021506
fp_0972,5,0.004480286738351254
fp_0973,6,0.005376344086021506
fp_0974,49,0.04390681003584229
fp_0975,5,0.004480286738351254
fp_0976,0,0.0
fp_0977,1,0.0008960573476702509
fp_0978,13,0.011648745519713262
fp_0979,0,0.0
fp_0980,3,0.002688172043010753
fp_0981,2,0.0017921146953405018
fp_0982,1,0.0008960573476702509
fp_0983,0,0.0
fp_0984,52,0.04659498207885305
fp_0985,3,0.002688172043010753
fp_0986,2,0.0017921146953405018
fp_0987,18,0.016129032258064516
fp_0988,6,0.005376344086021506
fp_0989,1,0.0008960573476702509
fp_0990,4,0.0035842293906810036
fp_0991,1,0.0008960573476702509
fp_0992,3,0.002688172043010753
fp_0993,2,0.0017921146953405018
fp_0994,0,0.0
fp_0995,2,0.0017921146953405018
fp_0996,3,0.002688172043010753
fp_0997,13,0.011648745519713262
fp_0998,3,0.002688172043010753
fp_0999,2,0.0017921146953405018
fp_1000,0,0.0
fp_1001,7,0.0062724014336917565
fp_1002,2,0.0017921146953405018
fp_1003,3,0.002688172043010753
fp_1004,31,0.027777777777777776
fp_1005,14,0.012544802867383513
fp_1006,2,0.0017921146953405018
fp_1007,5,0.004480286738351254
fp_1008,9,0.008064516129032258
fp_1009,14,0.012544802867383513
fp_1010,1,0.0008960573476702509
fp_1011,48,0.043010752688172046
fp_1012,1,0.0008960573476702509
fp_1013,22,0.01971326164874552
fp_1014,0,0.0
fp_1015,12,0.010752688172043012
fp_1016,2,0.0017921146953405018
fp_1017,74,0.06630824372759857
fp_1018,3,0.002688172043010753
fp_1019,144,0.12903225806451613
fp_1020,5,0.004480286738351254
fp_1021,1,0.0008960573476702509
fp_1022,12,0.010752688172043012
fp_1023,2,0.0017921146953405018
fp_1024,9,0.008064516129032258
fp_1025,5,0.004480286738351254
fp_1026,1,0.0008960573476702509
fp_1027,15,0.013440860215053764
fp_1028,54,0.04838709677419355
fp_1029,2,0.0017921146953405018
fp_1030,0,0.0
fp_1031,3,0.002688172043010753
fp_1032,11,0.00985663082437276
fp_1033,2,0.0017921146953405018
fp_1034,15,0.013440860215053764
fp_1035,27,0.024193548387096774
fp_1036,3,0.002688172043010753
fp_1037,9,0.008064516129032258
fp_1038,0,0.0
fp_1039,107,0.09587813620071685
fp_1040,1,0.0008960573476702509
fp_1041,0,0.0
fp_1042,7,0.0062724014336917565
fp_1043,28,0.025089605734767026
fp_1044,6,0.005376344086021506
fp_1045,7,0.0062724014336917565
fp_1046,1,0.0008960573476702509
fp_1047,4,0.0035842293906810036
fp_1048,2,0.0017921146953405018
fp_1049,13,0.011648745519713262
fp_1050,4,0.0035842293906810036
fp_1051,4,0.0035842293906810036
fp_1052,1,0.0008960573476702509
fp_1053,2,0.0017921146953405018
fp_1054,1,0.0008960573476702509
fp_1055,7,0.0062724014336917565
fp_1056,8,0.007168458781362007
fp_1057,721,0.6460573476702509
fp_1058,4,0.0035842293906810036
fp_1059,6,0.005376344086021506
fp_1060,153,0.13709677419354838
fp_1061,2,0.0017921146953405018
fp_1062,2,0.0017921146953405018
fp_1063,12,0.010752688172043012
fp_1064,9,0.008064516129032258
fp_1065,2,0.0017921146953405018
fp_1066,18,0.016129032258064516
fp_1067,2,0.0017921146953405018
fp_1068,1,0.0008960573476702509
fp_1069,3,0.002688172043010753
fp_1070,40,0.035842293906810034
fp_1071,14,0.012544802867383513
fp_1072,0,0.0
fp_1073,9,0.008064516129032258
fp_1074,6,0.005376344086021506
fp_1075,4,0.0035842293906810036
fp_1076,1,0.0008960573476702509
fp_1077,34,0.03046594982078853
fp_1078,0,0.0
fp_1079,11,0.00985663082437276
fp_1080,1,0.0008960573476702509
fp_1081,2,0.0017921146953405018
fp_1082,2,0.0017921146953405018
fp_1083,9,0.008064516129032258
fp_1084,1,0.0008960573476702509
fp_1085,0,0.0
fp_1086,9,0.008064516129032258
fp_1087,62,0.05555555555555555
fp_1088,367,0.3288530465949821
fp_1089,4,0.0035842293906810036
fp_1090,1,0.0008960573476702509
fp_1091,2,0.0017921146953405018
fp_1092,1,0.0008960573476702509
fp_1093,2,0.0017921146953405018
fp_1094,0,0.0
fp_1095,18,0.016129032258064516
fp_1096,12,0.010752688172043012
fp_1097,29,0.025985663082437275
fp_1098,6,0.005376344086021506
fp_1099,9,0.008064516129032258
fp_1100,4,0.0035842293906810036
fp_1101,11,0.00985663082437276
fp_1102,5,0.004480286738351254
fp_1103,4,0.0035842293906810036
fp_1104,29,0.025985663082437275
fp_1105,1,0.0008960573476702509
fp_1106,2,0.0017921146953405018
fp_1107,3,0.002688172043010753
fp_1108,2,0.0017921146953405018
fp_1109,28,0.025089605734767026
fp_1110,11,0.00985663082437276
fp_1111,0,0.0
fp_1112,2,0.0017921146953405018
fp_1113,0,0.0
fp_1114,117,0.10483870967741936
fp_1115,3,0.002688172043010753
fp_1116,2,0.0017921146953405018
fp_1117,3,0.002688172043010753
fp_1118,4,0.0035842293906810036
fp_1119,5,0.004480286738351254
fp_1120,8,0.007168458781362007
fp_1121,1,0.0008960573476702509
fp_1122,1,0.0008960573476702509
fp_1123,1,0.0008960573476702509
fp_1124,1,0.0008960573476702509
fp_1125,5,0.004480286738351254
fp_1126,5,0.004480286738351254
fp_1127,4,0.0035842293906810036
fp_1128,17,0.015232974910394265
fp_1129,4,0.0035842293906810036
fp_1130,15,0.013440860215053764
fp_1131,4,0.0035842293906810036
fp_1132,0,0.0
fp_1133,3,0.002688172043010753
fp_1134,1,0.0008960573476702509
fp_1135,1,0.0008960573476702509
fp_1136,11,0.00985663082437276
fp_1137,3,0.002688172043010753
fp_1138,3,0.002688172043010753
fp_1139,2,0.0017921146953405018
fp_1140,9,0.008064516129032258
fp_1141,5,0.004480286738351254
fp_1142,10,0.008960573476702509
fp_1143,54,0.04838709677419355
fp_1144,1,0.0008960573476702509
fp_1145,27,0.024193548387096774
fp_1146,2,0.0017921146953405018
fp_1147,8,0.007168458781362007
fp_1148,11,0.00985663082437276
fp_1149,2,0.0017921146953405018
fp_1150,7,0.0062724014336917565
fp_1151,1,0.0008960573476702509
fp_1152,139,0.12455197132616487
fp_1153,6,0.005376344086021506
fp_1154,29,0.025985663082437275
fp_1155,8,0.007168458781362007
fp_1156,3,0.002688172043010753
fp_1157,13,0.011648745519713262
fp_1158,6,0.005376344086021506
fp_1159,1,0.0008960573476702509
fp_1160,30,0.026881720430107527
fp_1161,2,0.0017921146953405018
fp_1162,55,0.0492831541218638
fp_1163,45,0.04032258064516129
fp_1164,7,0.0062724014336917565
fp_1165,5,0.004480286738351254
fp_1166,3,0.002688172043010753
fp_1167,2,0.0017921146953405018
fp_1168,24,0.021505376344086023
fp_1169,1,0.0008960573476702509
fp_1170,2,0.0017921146953405018
fp_1171,81,0.07258064516129033
fp_1172,2,0.0017921146953405018
fp_1173,2,0.0017921146953405018
fp_1174,0,0.0
fp_1175,5,0.004480286738351254
fp_1176,2,0.0017921146953405018
fp_1177,1,0.0008960573476702509
fp_1178,0,0.0
fp_1179,1,0.0008960573476702509
fp_1180,0,0.0
fp_1181,11,0.00985663082437276
fp_1182,11,0.00985663082437276
fp_1183,1,0.0008960573476702509
fp_1184,19,0.017025089605734768
fp_1185,0,0.0
fp_1186,1,0.0008960573476702509
fp_1187,2,0.0017921146953405018
fp_1188,4,0.0035842293906810036
fp_1189,0,0.0
fp_1190,2,0.0017921146953405018
fp_1191,0,0.0
fp_1192,0,0.0
fp_1193,8,0.007168458781362007
fp_1194,9,0.008064516129032258
fp_1195,55,0.0492831541218638
fp_1196,0,0.0
fp_1197,5,0.004480286738351254
fp_1198,0,0.0
fp_1199,278,0.24910394265232974
fp_1200,9,0.008064516129032258
fp_1201,0,0.0
fp_1202,2,0.0017921146953405018
fp_1203,23,0.02060931899641577
fp_1204,5,0.004480286738351254
fp_1205,3,0.002688172043010753
fp_1206,2,0.0017921146953405018
fp_1207,0,0.0
fp_1208,4,0.0035842293906810036
fp_1209,15,0.013440860215053764
fp_1210,4,0.0035842293906810036
fp_1211,5,0.004480286738351254
fp_1212,3,0.002688172043010753
fp_1213,1,0.0008960573476702509
fp_1214,15,0.013440860215053764
fp_1215,1,0.0008960573476702509
fp_1216,2,0.0017921146953405018
fp_1217,6,0.005376344086021506
fp_1218,6,0.005376344086021506
fp_1219,20,0.017921146953405017
fp_1220,0,0.0
fp_1221,1,0.0008960573476702509
fp_1222,0,0.0
fp_1223,12,0.010752688172043012
fp_1224,15,0.013440860215053764
fp_1225,5,0.004480286738351254
fp_1226,0,0.0
fp_1227,5,0.004480286738351254
fp_1228,3,0.002688172043010753
fp_1229,2,0.0017921146953405018
fp_1230,1,0.0008960573476702509
fp_1231,1,0.0008960573476702509
fp_1232,3,0.002688172043010753
fp_1233,6,0.005376344086021506
fp_1234,9,0.008064516129032258
fp_1235,8,0.007168458781362007
fp_1236,23,0.02060931899641577
fp_1237,6,0.005376344086021506
fp_1238,65,0.05824372759856631
fp_1239,2,0.0017921146953405018
fp_1240,3,0.002688172043010753
fp_1241,4,0.0035842293906810036
fp_1242,7,0.0062724014336917565
fp_1243,10,0.008960573476702509
fp_1244,1,0.0008960573476702509
fp_1245,3,0.002688172043010753
fp_1246,1,0.0008960573476702509
fp_1247,2,0.0017921146953405018
fp_1248,1,0.0008960573476702509
fp_1249,8,0.007168458781362007
fp_1250,2,0.0017921146953405018
fp_1251,4,0.0035842293906810036
fp_1252,13,0.011648745519713262
fp_1253,2,0.0017921146953405018
fp_1254,3,0.002688172043010753
fp_1255,16,0.014336917562724014
fp_1256,7,0.0062724014336917565
fp_1257,61,0.05465949820788531
fp_1258,8,0.007168458781362007
fp_1259,4,0.0035842293906810036
fp_1260,11,0.00985663082437276
fp_1261,3,0.002688172043010753
fp_1262,1,0.0008960573476702509
fp_1263,5,0.004480286738351254
fp_1264,3,0.002688172043010753
fp_1265,4,0.0035842293906810036
fp_1266,0,0.0
fp_1267,49,0.04390681003584229
fp_1268,2,0.0017921146953405018
fp_1269,21,0.01881720430107527
fp_1270,2,0.0017921146953405018
fp_1271,0,0.0
fp_1272,1,0.0008960573476702509
fp_1273,7,0.0062724014336917565
fp_1274,105,0.09408602150537634
fp_1275,3,0.002688172043010753
fp_1276,2,0.0017921146953405018
fp_1277,2,0.0017921146953405018
fp_1278,1,0.0008960573476702509
fp_1279,6,0.005376344086021506
fp_1280,1,0.0008960573476702509
fp_1281,0,0.0
fp_1282,7,0.0062724014336917565
fp_1283,7,0.0062724014336917565
fp_1284,0,0.0
fp_1285,1,0.0008960573476702509
fp_1286,24,0.021505376344086023
fp_1287,0,0.0
fp_1288,3,0.002688172043010753
fp_1289,3,0.002688172043010753
fp_1290,10,0.008960573476702509
fp_1291,1,0.0008960573476702509
fp_1292,40,0.035842293906810034
fp_1293,0,0.0
fp_1294,8,0.007168458781362007
fp_1295,28,0.025089605734767026
fp_1296,4,0.0035842293906810036
fp_1297,3,0.002688172043010753
fp_1298,2,0.0017921146953405018
fp_1299,1,0.0008960573476702509
fp_1300,4,0.0035842293906810036
fp_1301,5,0.004480286738351254
fp_1302,4,0.0035842293906810036
fp_1303,6,0.005376344086021506
fp_1304,0,0.0
fp_1305,1,0.0008960573476702509
fp_1306,3,0.002688172043010753
fp_1307,11,0.00985663082437276
fp_1308,13,0.011648745519713262
fp_1309,33,0.02956989247311828
fp_1310,1,0.0008960573476702509
fp_1311,3,0.002688172043010753
fp_1312,6,0.005376344086021506
fp_1313,33,0.02956989247311828
fp_1314,2,0.0017921146953405018
fp_1315,1,0.0008960573476702509
fp_1316,0,0.0
fp_1317,3,0.002688172043010753
fp_1318,8,0.007168458781362007
fp_1319,5,0.004480286738351254
fp_1320,2,0.0017921146953405018
fp_1321,0,0.0
fp_1322,3,0.002688172043010753
fp_1323,8,0.007168458781362007
fp_1324,1,0.0008960573476702509
fp_1325,84,0.07526881720430108
fp_1326,4,0.0035842293906810036
fp_1327,2,0.0017921146953405018
fp_1328,10,0.008960573476702509
fp_1329,1,0.0008960573476702509
fp_1330,0,0.0
fp_1331,4,0.0035842293906810036
fp_1332,0,0.0
fp_1333,1,0.0008960573476702509
fp_1334,3,0.002688172043010753
fp_1335,0,0.0
fp_1336,20,0.017921146953405017
fp_1337,9,0.008064516129032258
fp_1338,3,0.002688172043010753
fp_1339,12,0.010752688172043012
fp_1340,1,0.0008960573476702509
fp_1341,2,0.0017921146953405018
fp_1342,6,0.005376344086021506
fp_1343,1,0.0008960573476702509
fp_1344,18,0.016129032258064516
fp_1345,7,0.0062724014336917565
fp_1346,4,0.0035842293906810036
fp_1347,6,0.005376344086021506
fp_1348,6,0.005376344086021506
fp_1349,17,0.015232974910394265
fp_1350,2,0.0017921146953405018
fp_1351,16,0.014336917562724014
fp_1352,3,0.002688172043010753
fp_1353,6,0.005376344086021506
fp_1354,2,0.0017921146953405018
fp_1355,4,0.0035842293906810036
fp_1356,16,0.014336917562724014
fp_1357,67,0.06003584229390681
fp_1358,15,0.013440860215053764
fp_1359,5,0.004480286738351254
fp_1360,2,0.0017921146953405018
fp_1361,1,0.0008960573476702509
fp_1362,18,0.016129032258064516
fp_1363,1,0.0008960573476702509
fp_1364,2,0.0017921146953405018
fp_1365,29,0.025985663082437275
fp_1366,49,0.04390681003584229
fp_1367,3,0.002688172043010753
fp_1368,1,0.0008960573476702509
fp_1369,10,0.008960573476702509
fp_1370,9,0.008064516129032258
fp_1371,2,0.0017921146953405018
fp_1372,4,0.0035842293906810036
fp_1373,5,0.004480286738351254
fp_1374,2,0.0017921146953405018
fp_1375,4,0.0035842293906810036
fp_1376,1,0.0008960573476702509
fp_1377,0,0.0
fp_1378,2,0.0017921146953405018
fp_1379,4,0.0035842293906810036
fp_1380,757,0.6783154121863799
fp_1381,6,0.005376344086021506
fp_1382,7,0.0062724014336917565
fp_1383,5,0.004480286738351254
fp_1384,24,0.021505376344086023
fp_1385,27,0.024193548387096774
fp_1386,33,0.02956989247311828
fp_1387,6,0.005376344086021506
fp_1388,10,0.008960573476702509
fp_1389,5,0.004480286738351254
fp_1390,5,0.004480286738351254
fp_1391,60,0.053763440860215055
fp_1392,1,0.0008960573476702509
fp_1393,1,0.0008960573476702509
fp_1394,3,0.002688172043010753
fp_1395,5,0.004480286738351254
fp_1396,0,0.0
fp_1397,2,0.0017921146953405018
fp_1398,3,0.002688172043010753
fp_1399,30,0.026881720430107527
fp_1400,1,0.0008960573476702509
fp_1401,5,0.004480286738351254
fp_1402,13,0.011648745519713262
fp_1403,5,0.004480286738351254
fp_1404,3,0.002688172043010753
fp_1405,4,0.0035842293906810036
fp_1406,1,0.0008960573476702509
fp_1407,0,0.0
fp_1408,0,0.0
fp_1409,4,0.0035842293906810036
fp_1410,25,0.022401433691756272
fp_1411,5,0.004480286738351254
fp_1412,1,0.0008960573476702509
fp_1413,4,0.0035842293906810036
fp_1414,6,0.005376344086021506
fp_1415,8,0.007168458781362007
fp_1416,14,0.012544802867383513
fp_1417,22,0.01971326164874552
fp_1418,1,0.0008960573476702509
fp_1419,1,0.0008960573476702509
fp_1420,4,0.0035842293906810036
fp_1421,6,0.005376344086021506
fp_1422,5,0.004480286738351254
fp_1423,1,0.0008960573476702509
fp_1424,4,0.0035842293906810036
fp_1425,1,0.0008960573476702509
fp_1426,6,0.005376344086021506
fp_1427,20,0.017921146953405017
fp_1428,13,0.011648745519713262
fp_1429,1,0.0008960573476702509
fp_1430,21,0.01881720430107527
fp_1431,3,0.002688172043010753
fp_1432,6,0.005376344086021506
fp_1433,1,0.0008960573476702509
fp_1434,3,0.002688172043010753
fp_1435,4,0.0035842293906810036
fp_1436,36,0.03225806451612903
fp_1437,1,0.0008960573476702509
fp_1438,3,0.002688172043010753
fp_1439,1,0.0008960573476702509
fp_1440,18,0.016129032258064516
fp_1441,3,0.002688172043010753
fp_1442,3,0.002688172043010753
fp_1443,4,0.0035842293906810036
fp_1444,71,0.06362007168458782
fp_1445,4,0.0035842293906810036
fp_1446,3,0.002688172043010753
fp_1447,20,0.017921146953405017
fp_1448,10,0.008960573476702509
fp_1449,3,0.002688172043010753
fp_1450,5,0.004480286738351254
fp_1451,1,0.0008960573476702509
fp_1452,74,0.06630824372759857
fp_1453,27,0.024193548387096774
fp_1454,8,0.007168458781362007
fp_1455,14,0.012544802867383513
fp_1456,20,0.017921146953405017
fp_1457,50,0.044802867383512544
fp_1458,5,0.004480286738351254
fp_1459,10,0.008960573476702509
fp_1460,5,0.004480286738351254
fp_1461,0,0.0
fp_1462,0,0.0
fp_1463,3,0.002688172043010753
fp_1464,36,0.03225806451612903
fp_1465,2,0.0017921146953405018
fp_1466,0,0.0
fp_1467,4,0.0035842293906810036
fp_1468,7,0.0062724014336917565
fp_1469,1,0.0008960573476702509
fp_1470,1,0.0008960573476702509
fp_1471,3,0.002688172043010753
fp_1472,3,0.002688172043010753
fp_1473,1,0.0008960573476702509
fp_1474,2,0.0017921146953405018
fp_1475,9,0.008064516129032258
fp_1476,34,0.03046594982078853
fp_1477,15,0.013440860215053764
fp_1478,2,0.0017921146953405018
fp_1479,1,0.0008960573476702509
fp_1480,12,0.010752688172043012
fp_1481,5,0.004480286738351254
fp_1482,7,0.0062724014336917565
fp_1483,1,0.0008960573476702509
fp_1484,4,0.0035842293906810036
fp_1485,4,0.0035842293906810036
fp_1486,1,0.0008960573476702509
fp_1487,23,0.02060931899641577
fp_1488,2,0.0017921146953405018
fp_1489,8,0.007168458781362007
fp_1490,6,0.005376344086021506
fp_1491,3,0.002688172043010753
fp_1492,1,0.0008960573476702509
fp_1493,0,0.0
fp_1494,3,0.002688172043010753
fp_1495,7,0.0062724014336917565
fp_1496,5,0.004480286738351254
fp_1497,2,0.0017921146953405018
fp_1498,10,0.008960573476702509
fp_1499,7,0.0062724014336917565
fp_1500,1,0.0008960573476702509
fp_1501,2,0.0017921146953405018
fp_1502,3,0.002688172043010753
fp_1503,2,0.0017921146953405018
fp_1504,1,0.0008960573476702509
fp_1505,7,0.0062724014336917565
fp_1506,5,0.004480286738351254
fp_1507,0,0.0
fp_1508,5,0.004480286738351254
fp_1509,4,0.0035842293906810036
fp_1510,1,0.0008960573476702509
fp_1511,4,0.0035842293906810036
fp_1512,4,0.0035842293906810036
fp_1513,3,0.002688172043010753
fp_1514,2,0.0017921146953405018
fp_1515,2,0.0017921146953405018
fp_1516,12,0.010752688172043012
fp_1517,7,0.0062724014336917565
fp_1518,0,0.0
fp_1519,2,0.0017921146953405018
fp_1520,4,0.0035842293906810036
fp_1521,2,0.0017921146953405018
fp_1522,15,0.013440860215053764
fp_1523,0,0.0
fp_1524,2,0.0017921146953405018
fp_1525,8,0.007168458781362007
fp_1526,5,0.004480286738351254
fp_1527,2,0.0017921146953405018
fp_1528,1,0.0008960573476702509
fp_1529,0,0.0
fp_1530,6,0.005376344086021506
fp_1531,19,0.017025089605734768
fp_1532,4,0.0035842293906810036
fp_1533,0,0.0
fp_1534,3,0.002688172043010753
fp_1535,32,0.02867383512544803
fp_1536,41,0.036738351254480286
fp_1537,2,0.0017921146953405018
fp_1538,4,0.0035842293906810036
fp_1539,1,0.0008960573476702509
fp_1540,1,0.0008960573476702509
fp_1541,0,0.0
fp_1542,5,0.004480286738351254
fp_1543,2,0.0017921146953405018
fp_1544,31,0.027777777777777776
fp_1545,1,0.0008960573476702509
fp_1546,1,0.0008960573476702509
fp_1547,1,0.0008960573476702509
fp_1548,1,0.0008960573476702509
fp_1549,1,0.0008960573476702509
fp_1550,12,0.010752688172043012
fp_1551,8,0.007168458781362007
fp_1552,0,0.0
fp_1553,1,0.0008960573476702509
fp_1554,18,0.016129032258064516
fp_1555,1,0.0008960573476702509
fp_1556,7,0.0062724014336917565
fp_1557,4,0.0035842293906810036
fp_1558,4,0.0035842293906810036
fp_1559,0,0.0
fp_1560,2,0.0017921146953405018
fp_1561,12,0.010752688172043012
fp_1562,2,0.0017921146953405018
fp_1563,3,0.002688172043010753
fp_1564,44,0.03942652329749104
fp_1565,0,0.0
fp_1566,0,0.0
fp_1567,3,0.002688172043010753
fp_1568,3,0.002688172043010753
fp_1569,2,0.0017921146953405018
fp_1570,6,0.005376344086021506
fp_1571,6,0.005376344086021506
fp_1572,3,0.002688172043010753
fp_1573,51,0.0456989247311828
fp_1574,19,0.017025089605734768
fp_1575,12,0.010752688172043012
fp_1576,2,0.0017921146953405018
fp_1577,3,0.002688172043010753
fp_1578,2,0.0017921146953405018
fp_1579,2,0.0017921146953405018
fp_1580,2,0.0017921146953405018
fp_1581,28,0.025089605734767026
fp_1582,24,0.021505376344086023
fp_1583,1,0.0008960573476702509
fp_1584,1,0.0008960573476702509
fp_1585,3,0.002688172043010753
fp_1586,6,0.005376344086021506
fp_1587,4,0.0035842293906810036
fp_1588,4,0.0035842293906810036
fp_1589,6,0.005376344086021506
fp_1590,2,0.0017921146953405018
fp_1591,2,0.0017921146953405018
fp_1592,14,0.012544802867383513
fp_1593,4,0.0035842293906810036
fp_1594,12,0.010752688172043012
fp_1595,4,0.0035842293906810036
fp_1596,1,0.0008960573476702509
fp_1597,12,0.010752688172043012
fp_1598,18,0.016129032258064516
fp_1599,8,0.007168458781362007
fp_1600,3,0.002688172043010753
fp_1601,4,0.0035842293906810036
fp_1602,94,0.08422939068100359
fp_1603,23,0.02060931899641577
fp_1604,27,0.024193548387096774
fp_1605,3,0.002688172043010753
fp_1606,0,0.0
fp_1607,45,0.04032258064516129
fp_1608,3,0.002688172043010753
fp_1609,4,0.0035842293906810036
fp_1610,7,0.0062724014336917565
fp_1611,6,0.005376344086021506
fp_1612,10,0.008960573476702509
fp_1613,4,0.0035842293906810036
fp_1614,8,0.007168458781362007
fp_1615,2,0.0017921146953405018
fp_1616,2,0.0017921146953405018
fp_1617,20,0.017921146953405017
fp_1618,1,0.0008960573476702509
fp_1619,3,0.002688172043010753
fp_1620,1,0.0008960573476702509
fp_1621,2,0.0017921146953405018
fp_1622,0,0.0
fp_1623,5,0.004480286738351254
fp_1624,12,0.010752688172043012
fp_1625,5,0.004480286738351254
fp_1626,6,0.005376344086021506
fp_1627,0,0.0
fp_1628,0,0.0
fp_1629,7,0.0062724014336917565
fp_1630,1,0.0008960573476702509
fp_1631,30,0.026881720430107527
fp_1632,7,0.0062724014336917565
fp_1633,2,0.0017921146953405018
fp_1634,1,0.0008960573476702509
fp_1635,1,0.0008960573476702509
fp_1636,5,0.004480286738351254
fp_1637,11,0.00985663082437276
fp_1638,8,0.007168458781362007
fp_1639,3,0.002688172043010753
fp_1640,2,0.0017921146953405018
fp_1641,3,0.002688172043010753
fp_1642,1,0.0008960573476702509
fp_1643,1,0.0008960573476702509
fp_1644,1,0.0008960573476702509
fp_1645,36,0.03225806451612903
fp_1646,6,0.005376344086021506
fp_1647,14,0.012544802867383513
fp_1648,5,0.004480286738351254
fp_1649,11,0.00985663082437276
fp_1650,0,0.0
fp_1651,2,0.0017921146953405018
fp_1652,4,0.0035842293906810036
fp_1653,22,0.01971326164874552
fp_1654,0,0.0
fp_1655,4,0.0035842293906810036
fp_1656,1,0.0008960573476702509
fp_1657,12,0.010752688172043012
fp_1658,1,0.0008960573476702509
fp_1659,2,0.0017921146953405018
fp_1660,7,0.0062724014336917565
fp_1661,2,0.0017921146953405018
fp_1662,0,0.0
fp_1663,3,0.002688172043010753
fp_1664,17,0.015232974910394265
fp_1665,13,0.011648745519713262
fp_1666,3,0.002688172043010753
fp_1667,3,0.002688172043010753
fp_1668,1,0.0008960573476702509
fp_1669,4,0.0035842293906810036
fp_1670,8,0.007168458781362007
fp_1671,6,0.005376344086021506
fp_1672,2,0.0017921146953405018
fp_1673,10,0.008960573476702509
fp_1674,0,0.0
fp_1675,0,0.0
fp_1676,1,0.0008960573476702509
fp_1677,0,0.0
fp_1678,1,0.0008960573476702509
fp_1679,6,0.005376344086021506
fp_1680,1,0.0008960573476702509
fp_1681,2,0.0017921146953405018
fp_1682,2,0.0017921146953405018
fp_1683,252,0.22580645161290322
fp_1684,2,0.0017921146953405018
fp_1685,3,0.002688172043010753
fp_1686,4,0.0035842293906810036
fp_1687,13,0.011648745519713262
fp_1688,0,0.0
fp_1689,2,0.0017921146953405018
fp_1690,2,0.0017921146953405018
fp_1691,7,0.0062724014336917565
fp_1692,6,0.005376344086021506
fp_1693,4,0.0035842293906810036
fp_1694,1,0.0008960573476702509
fp_1695,8,0.007168458781362007
fp_1696,7,0.0062724014336917565
fp_1697,11,0.00985663082437276
fp_1698,2,0.0017921146953405018
fp_1699,5,0.004480286738351254
fp_1700,12,0.010752688172043012
fp_1701,8,0.007168458781362007
fp_1702,1,0.0008960573476702509
fp_1703,11,0.00985663082437276
fp_1704,2,0.0017921146953405018
fp_1705,0,0.0
fp_1706,3,0.002688172043010753
fp_1707,3,0.002688172043010753
fp_1708,17,0.015232974910394265
fp_1709,3,0.002688172043010753
fp_1710,3,0.002688172043010753
fp_1711,8,0.007168458781362007
fp_1712,3,0.002688172043010753
fp_1713,2,0.0017921146953405018
fp_1714,4,0.0035842293906810036
fp_1715,5,0.004480286738351254
fp_1716,29,0.025985663082437275
fp_1717,6,0.005376344086021506
fp_1718,4,0.0035842293906810036
fp_1719,3,0.002688172043010753
fp_1720,2,0.0017921146953405018
fp_1721,4,0.0035842293906810036
fp_1722,156,0.13978494623655913
fp_1723,10,0.008960573476702509
fp_1724,9,0.008064516129032258
fp_1725,2,0.0017921146953405018
fp_1726,17,0.015232974910394265
fp_1727,2,0.0017921146953405018
fp_1728,3,0.002688172043010753
fp_1729,51,0.0456989247311828
fp_1730,9,0.008064516129032258
fp_1731,8,0.007168458781362007
fp_1732,0,0.0
fp_1733,14,0.012544802867383513
fp_1734,10,0.008960573476702509
fp_1735,2,0.0017921146953405018
fp_1736,1,0.0008960573476702509
fp_1737,1,0.0008960573476702509
fp_1738,62,0.05555555555555555
fp_1739,9,0.008064516129032258
fp_1740,9,0.008064516129032258
fp_1741,5,0.004480286738351254
fp_1742,4,0.0035842293906810036
fp_1743,1,0.0008960573476702509
fp_1744,5,0.004480286738351254
fp_1745,21,0.01881720430107527
fp_1746,1,0.0008960573476702509
fp_1747,27,0.024193548387096774
fp_1748,2,0.0017921146953405018
fp_1749,5,0.004480286738351254
fp_1750,524,0.46953405017921146
fp_1751,5,0.004480286738351254
fp_1752,4,0.0035842293906810036
fp_1753,1,0.0008960573476702509
fp_1754,24,0.021505376344086023
fp_1755,3,0.002688172043010753
fp_1756,4,0.0035842293906810036
fp_1757,1,0.0008960573476702509
fp_1758,28,0.025089605734767026
fp_1759,0,0.0
fp_1760,5,0.004480286738351254
fp_1761,5,0.004480286738351254
fp_1762,9,0.008064516129032258
fp_1763,4,0.0035842293906810036
fp_1764,19,0.017025089605734768
fp_1765,3,0.002688172043010753
fp_1766,5,0.004480286738351254
fp_1767,1,0.0008960573476702509
fp_1768,4,0.0035842293906810036
fp_1769,1,0.0008960573476702509
fp_1770,2,0.0017921146953405018
fp_1771,2,0.0017921146953405018
fp_1772,0,0.0
fp_1773,11,0.00985663082437276
fp_1774,9,0.008064516129032258
fp_1775,4,0.0035842293906810036
fp_1776,1,0.0008960573476702509
fp_1777,0,0.0
fp_1778,19,0.017025089605734768
fp_1779,3,0.002688172043010753
fp_1780,0,0.0
fp_1781,10,0.008960573476702509
fp_1782,1,0.0008960573476702509
fp_1783,8,0.007168458781362007
fp_1784,3,0.002688172043010753
fp_1785,4,0.0035842293906810036
fp_1786,4,0.0035842293906810036
fp_1787,2,0.0017921146953405018
fp_1788,0,0.0
fp_1789,0,0.0
fp_1790,4,0.0035842293906810036
fp_1791,10,0.008960573476702509
fp_1792,2,0.0017921146953405018
fp_1793,2,0.0017921146953405018
fp_1794,5,0.004480286738351254
fp_1795,0,0.0
fp_1796,2,0.0017921146953405018
fp_1797,5,0.004480286738351254
fp_1798,0,0.0
fp_1799,12,0.010752688172043012
fp_1800,5,0.004480286738351254
fp_1801,3,0.002688172043010753
fp_1802,3,0.002688172043010753
fp_1803,10,0.008960573476702509
fp_1804,19,0.017025089605734768
fp_1805,3,0.002688172043010753
fp_1806,1,0.0008960573476702509
fp_1807,5,0.004480286738351254
fp_1808,12,0.010752688172043012
fp_1809,27,0.024193548387096774
fp_1810,14,0.012544802867383513
fp_1811,5,0.004480286738351254
fp_1812,0,0.0
fp_1813,0,0.0
fp_1814,20,0.017921146953405017
fp_1815,4,0.0035842293906810036
fp_1816,54,0.04838709677419355
fp_1817,2,0.0017921146953405018
fp_1818,13,0.011648745519713262
fp_1819,3,0.002688172043010753
fp_1820,2,0.0017921146953405018
fp_1821,0,0.0
fp_1822,4,0.0035842293906810036
fp_1823,38,0.034050179211469536
fp_1824,12,0.010752688172043012
fp_1825,18,0.016129032258064516
fp_1826,2,0.0017921146953405018
fp_1827,3,0.002688172043010753
fp_1828,11,0.00985663082437276
fp_1829,3,0.002688172043010753
fp_1830,0,0.0
fp_1831,17,0.015232974910394265
fp_1832,6,0.005376344086021506
fp_1833,1,0.0008960573476702509
fp_1834,0,0.0
fp_1835,1,0.0008960573476702509
fp_1836,1,0.0008960573476702509
fp_1837,1,0.0008960573476702509
fp_1838,2,0.0017921146953405018
fp_1839,1,0.0008960573476702509
fp_1840,11,0.00985663082437276
fp_1841,2,0.0017921146953405018
fp_1842,3,0.002688172043010753
fp_1843,2,0.0017921146953405018
fp_1844,12,0.010752688172043012
fp_1845,2,0.0017921146953405018
fp_1846,7,0.0062724014336917565
fp_1847,23,0.02060931899641577
fp_1848,11,0.00985663082437276
fp_1849,2,0.0017921146953405018
fp_1850,2,0.0017921146953405018
fp_1851,1,0.0008960573476702509
fp_1852,7,0.0062724014336917565
fp_1853,19,0.017025089605734768
fp_1854,3,0.002688172043010753
fp_1855,125,0.11200716845878136
fp_1856,3,0.002688172043010753
fp_1857,0,0.0
fp_1858,2,0.0017921146953405018
fp_1859,4,0.0035842293906810036
fp_1860,12,0.010752688172043012
fp_1861,2,0.0017921146953405018
fp_1862,3,0.002688172043010753
fp_1863,3,0.002688172043010753
fp_1864,1,0.0008960573476702509
fp_1865,1,0.0008960573476702509
fp_1866,53,0.047491039426523295
fp_1867,5,0.004480286738351254
fp_1868,2,0.0017921146953405018
fp_1869,0,0.0
fp_1870,0,0.0
fp_1871,0,0.0
fp_1872,3,0.002688172043010753
fp_1873,685,0.6137992831541219
fp_1874,1,0.0008960573476702509
fp_1875,3,0.002688172043010753
fp_1876,5,0.004480286738351254
fp_1877,2,0.0017921146953405018
fp_1878,4,0.0035842293906810036
fp_1879,13,0.011648745519713262
fp_1880,1,0.0008960573476702509
fp_1881,3,0.002688172043010753
fp_1882,1,0.0008960573476702509
fp_1883,4,0.0035842293906810036
fp_1884,32,0.02867383512544803
fp_1885,2,0.0017921146953405018
fp_1886,6,0.005376344086021506
fp_1887,1,0.0008960573476702509
fp_1888,2,0.0017921146953405018
fp_1889,12,0.010752688172043012
fp_1890,2,0.0017921146953405018
fp_1891,0,0.0
fp_1892,1,0.0008960573476702509
fp_1893,0,0.0
fp_1894,1,0.0008960573476702509
fp_1895,2,0.0017921146953405018
fp_1896,17,0.015232974910394265
fp_1897,13,0.011648745519713262
fp_1898,11,0.00985663082437276
fp_1899,0,0.0
fp_1900,3,0.002688172043010753
fp_1901,2,0.0017921146953405018
fp_1902,0,0.0
fp_1903,2,0.0017921146953405018
fp_1904,0,0.0
fp_1905,19,0.017025089605734768
fp_1906,3,0.002688172043010753
fp_1907,0,0.0
fp_1908,19,0.017025089605734768
fp_1909,3,0.002688172043010753
fp_1910,2,0.0017921146953405018
fp_1911,123,0.11021505376344086
fp_1912,5,0.004480286738351254
fp_1913,0,0.0
fp_1914,5,0.004480286738351254
fp_1915,12,0.010752688172043012
fp_1916,2,0.0017921146953405018
fp_1917,252,0.22580645161290322
fp_1918,3,0.002688172043010753
fp_1919,4,0.0035842293906810036
fp_1920,17,0.015232974910394265
fp_1921,18,0.016129032258064516
fp_1922,10,0.008960573476702509
fp_1923,12,0.010752688172043012
fp_1924,2,0.0017921146953405018
fp_1925,3,0.002688172043010753
fp_1926,3,0.002688172043010753
fp_1927,6,0.005376344086021506
fp_1928,48,0.043010752688172046
fp_1929,2,0.0017921146953405018
fp_1930,1,0.0008960573476702509
fp_1931,0,0.0
fp_1932,5,0.004480286738351254
fp_1933,3,0.002688172043010753
fp_1934,2,0.0017921146953405018
fp_1935,1,0.0008960573476702509
fp_1936,2,0.0017921146953405018
fp_1937,6,0.005376344086021506
fp_1938,5,0.004480286738351254
fp_1939,6,0.005376344086021506
fp_1940,15,0.013440860215053764
fp_1941,14,0.012544802867383513
fp_1942,5,0.004480286738351254
fp_1943,5,0.004480286738351254
fp_1944,2,0.0017921146953405018
fp_1945,2,0.0017921146953405018
fp_1946,4,0.0035842293906810036
fp_1947,0,0.0
fp_1948,5,0.004480286738351254
fp_1949,1,0.0008960573476702509
fp_1950,18,0.016129032258064516
fp_1951,25,0.022401433691756272
fp_1952,0,0.0
fp_1953,6,0.005376344086021506
fp_1954,0,0.0
fp_1955,4,0.0035842293906810036
fp_1956,6,0.005376344086021506
fp_1957,6,0.005376344086021506
fp_1958,1,0.0008960573476702509
fp_1959,11,0.00985663082437276
fp_1960,6,0.005376344086021506
fp_1961,12,0.010752688172043012
fp_1962,8,0.007168458781362007
fp_1963,62,0.05555555555555555
fp_1964,16,0.014336917562724014
fp_1965,1,0.0008960573476702509
fp_1966,5,0.004480286738351254
fp_1967,1,0.0008960573476702509
fp_1968,1,0.0008960573476702509
fp_1969,2,0.0017921146953405018
fp_1970,33,0.02956989247311828
fp_1971,4,0.0035842293906810036
fp_1972,6,0.005376344086021506
fp_1973,1,0.0008960573476702509
fp_1974,35,0.03136200716845878
fp_1975,11,0.00985663082437276
fp_1976,4,0.0035842293906810036
fp_1977,13,0.011648745519713262
fp_1978,22,0.01971326164874552
fp_1979,3,0.002688172043010753
fp_1980,11,0.00985663082437276
fp_1981,1,0.0008960573476702509
fp_1982,16,0.014336917562724014
fp_1983,2,0.0017921146953405018
fp_1984,26,0.023297491039426525
fp_1985,15,0.013440860215053764
fp_1986,1,0.0008960573476702509
fp_1987,2,0.0017921146953405018
fp_1988,4,0.0035842293906810036
fp_1989,8,0.007168458781362007
fp_1990,6,0.005376344086021506
fp_1991,22,0.01971326164874552
fp_1992,9,0.008064516129032258
fp_1993,3,0.002688172043010753
fp_1994,2,0.0017921146953405018
fp_1995,4,0.0035842293906810036
fp_1996,7,0.0062724014336917565
fp_1997,24,0.021505376344086023
fp_1998,8,0.007168458781362007
fp_1999,24,0.021505376344086023
fp_2000,4,0.0035842293906810036
fp_2001,1,0.0008960573476702509
fp_2002,5,0.004480286738351254
fp_2003,5,0.004480286738351254
fp_2004,17,0.015232974910394265
fp_2005,5,0.004480286738351254
fp_2006,0,0.0
fp_2007,1,0.0008960573476702509
fp_2008,2,0.0017921146953405018
fp_2009,6,0.005376344086021506
fp_2010,3,0.002688172043010753
fp_2011,1,0.0008960573476702509
fp_2012,6,0.005376344086021506
fp_2013,0,0.0
fp_2014,10,0.008960573476702509
fp_2015,2,0.0017921146953405018
fp_2016,2,0.0017921146953405018
fp_2017,13,0.011648745519713262
fp_2018,5,0.004480286738351254
fp_2019,3,0.002688172043010753
fp_2020,3,0.002688172043010753
fp_2021,15,0.013440860215053764
fp_2022,3,0.002688172043010753
fp_2023,2,0.0017921146953405018
fp_2024,5,0.004480286738351254
fp_2025,7,0.0062724014336917565
fp_2026,5,0.004480286738351254
fp_2027,2,0.0017921146953405018
fp_2028,6,0.005376344086021506
fp_2029,10,0.008960573476702509
fp_2030,5,0.004480286738351254
fp_2031,2,0.0017921146953405018
fp_2032,4,0.0035842293906810036
fp_2033,20,0.017921146953405017
fp_2034,6,0.005376344086021506
fp_2035,3,0.002688172043010753
fp_2036,8,0.007168458781362007
fp_2037,4,0.0035842293906810036
fp_2038,9,0.008064516129032258
fp_2039,2,0.0017921146953405018
fp_2040,0,0.0
fp_2041,1,0.0008960573476702509
fp_2042,3,0.002688172043010753
fp_2043,1,0.0008960573476702509
fp_2044,4,0.0035842293906810036
fp_2045,0,0.0
fp_2046,3,0.002688172043010753
fp_2047,3,0.002688172043010753
