representation,max_depth,min_samples_split,min_samples_leaf,max_features,train_rmse,train_mae,train_r2,validation_rmse,validation_mae,validation_r2
combined,20.0,2,2,0.5,0.30658505212027687,0.21554395273600224,0.9785294894510039,0.7554980406425478,0.5819479455328881,0.8470660747740459
combined,,2,2,0.5,0.30643495277097416,0.21542126049005172,0.978550507571396,0.7560103794169588,0.5826494145783647,0.8468585810590126
combined,,2,1,0.5,0.22439140968887825,0.16209998206278117,0.9884985426725255,0.756741522758805,0.5814103423423425,0.8465622293829582
combined,20.0,2,1,0.5,0.22521363611347664,0.16238652192757363,0.9884140997948142,0.7585402141799557,0.5860574368790817,0.8458319530891362
combined,10.0,5,4,0.5,0.43878775421316807,0.3170651543785753,0.9560205882667591,0.759734942176635,0.5869925770550265,0.8453459302509696
combined,10.0,2,4,0.5,0.43878775421316807,0.3170651543785753,0.9560205882667591,0.7597349421766351,0.5869925770550266,0.8453459302509695
combined,,5,2,0.5,0.3197457108925799,0.22582065108773886,0.976646613143549,0.7600233161653738,0.5859027406648405,0.8452285033100607
combined,20.0,5,2,0.5,0.3199739666438911,0.22609761168678658,0.9766132588414919,0.7607031711515563,0.5872082066626559,0.8449514875051509
combined,10.0,2,1,0.5,0.297773093317625,0.23041884528327966,0.9797459758468385,0.7608695914200022,0.5882222212611036,0.844883639654489
combined,10.0,2,2,0.5,0.3453330272547907,0.25304490388424294,0.9727594011904013,0.761913616980225,0.5892674798733885,0.8444576624479281
combined,20.0,5,1,0.5,0.26610545181752965,0.19258477489741485,0.9838248631752557,0.7626724835496669,0.5869735085675194,0.8441476675629844
combined,20.0,2,4,0.5,0.43074602715389676,0.30906582571401575,0.9576178504388726,0.763158853888831,0.5899969535663183,0.8439488243542015
combined,20.0,5,4,0.5,0.4307460271538967,0.30906582571401575,0.9576178504388726,0.763158853888831,0.5899969535663183,0.8439488243542015
combined,,2,4,0.5,0.43074602715389676,0.30906582571401575,0.9576178504388726,0.7631588538888312,0.5899969535663185,0.8439488243542014
combined,,5,4,0.5,0.4307460271538967,0.30906582571401575,0.9576178504388726,0.7631588538888313,0.5899969535663184,0.8439488243542013
combined,,5,1,0.5,0.2656323425273448,0.19214067323599435,0.9838823276477667,0.7634270168631118,0.5870065602358103,0.8438391368378244
combined,10.0,5,2,0.5,0.3536032618665685,0.2583546347598923,0.9714390306124021,0.7659679320552885,0.5895566618596941,0.8427979061197148
combined,10.0,5,1,0.5,0.3231464343704703,0.2478174856576257,0.9761472116257353,0.7660067214906309,0.5955419748615352,0.8427819839522189
combined,20.0,2,2,1.0,0.3051286157351379,0.2119234803077045,0.9787329968121818,0.7810173908483078,0.6027349628416778,0.836559922555707
combined,,2,2,1.0,0.3051910680752525,0.21187126486240473,0.9787242902538971,0.7813833700579325,0.6029289899289899,0.836406712945615
combined,,2,1,1.0,0.23692990743052386,0.17031734753363348,0.9871772791414057,0.7834009953670994,0.6015804144144148,0.8355607873498427
combined,,5,4,1.0,0.42150571130191833,0.3006697987067597,0.9594167011859898,0.7837613024954435,0.6088677688271049,0.8354094925573612
combined,,2,4,1.0,0.42150571130191833,0.3006697987067597,0.9594167011859898,0.7837613024954436,0.6088677688271048,0.8354094925573611
combined,20.0,5,4,1.0,0.42150571130191833,0.3006697987067597,0.9594167011859898,0.7837613024954436,0.6088677688271048,0.8354094925573612
combined,20.0,2,4,1.0,0.4215057113019183,0.3006697987067597,0.9594167011859898,0.7837613024954437,0.6088677688271049,0.8354094925573611
combined,20.0,2,1,1.0,0.23818044358065737,0.1714381289056238,0.987041563106866,0.7841116101093347,0.6021920603958195,0.8352623299125178
combined,10.0,2,4,1.0,0.42846917342578816,0.30787922505501786,0.9580647166332703,0.7843789664863843,0.6095118669533942,0.8351499704606384
combined,10.0,5,4,1.0,0.4284691734257881,0.30787922505501786,0.9580647166332703,0.7843789664863843,0.6095118669533944,0.8351499704606384
combined,,5,2,1.0,0.31766021963104885,0.2217832894015437,0.9769502572757163,0.7848365999003686,0.6064331060615062,0.8349575560986319
combined,20.0,5,2,1.0,0.317763315699459,0.22191040818745159,0.9769352933405175,0.7849498324833012,0.6063884065609937,0.8349099295472173
combined,20.0,5,1,1.0,0.2747189802210709,0.19779314167533515,0.9827607745233817,0.7876913464850127,0.6058308843862749,0.8337547293290636
combined,10.0,2,2,1.0,0.33881598287640885,0.24670692320624538,0.9737778560854634,0.7876990991898627,0.6106250113669136,0.833751456836952
combined,10.0,5,2,1.0,0.3480026252793074,0.2535245750084329,0.9723366062087555,0.7881120645335052,0.611890925456563,0.8335770935969679
combined,10.0,2,1,1.0,0.2982591195024073,0.23090137915159636,0.9796798045237785,0.7887410986073141,0.6105281275957266,0.833311325665981
combined,,5,1,1.0,0.2740451910733958,0.19688208456512982,0.9828452343487227,0.7899008395948983,0.6070828330064831,0.8328207773456393
combined,10.0,5,1,1.0,0.3231094078856392,0.24701504242531883,0.9761526774716479,0.7912794129222964,0.6128334564193467,0.8322367295300831
combined,,2,1,sqrt,0.26088060815048847,0.1920072869955158,0.9844538084320846,0.9447281843431794,0.7224733873873874,0.760860732518953
combined,,5,1,sqrt,0.41840822275940726,0.3176016935188564,0.9600109727003513,0.9738591987423163,0.7440061863405864,0.7458854735070181
combined,20.0,2,1,sqrt,0.448533335469308,0.34643238981964836,0.9540453068892197,1.0283861871715385,0.7805690575019387,0.7166327730501861
combined,20.0,5,1,sqrt,0.5479925182331663,0.42283348658606096,0.9314054396693658,1.0381337583725911,0.7944454650933259,0.7112355151815617
combined,,5,2,sqrt,0.7638032513931611,0.5733394236828191,0.8667388907012716,1.0777583848509547,0.8258617883508066,0.6887710616758687
combined,,2,2,sqrt,0.7577293408485332,0.5706229604162937,0.8688498996274806,1.0921590039073927,0.838123885659416,0.6803984391312313
combined,20.0,5,2,sqrt,0.7901600733569,0.594876127721916,0.8573832350982876,1.108650926160113,0.8542028162139849,0.6706734087594675
combined,20.0,2,2,sqrt,0.7821311873825543,0.590310216182033,0.8602667932176123,1.111396558213243,0.8591702598011366,0.6690401998119897
combined,,2,4,sqrt,1.0311007094036262,0.777801309539403,0.7571474936794973,1.216857177610142,0.9516787967700633,0.6032505193808655
combined,,5,4,sqrt,1.0311007094036262,0.777801309539403,0.7571474936794973,1.216857177610142,0.9516787967700635,0.6032505193808655
combined,20.0,2,4,sqrt,1.037850968679705,0.783091604435737,0.7539573428239736,1.223131773879911,0.9551265780933975,0.5991483763647674
combined,20.0,5,4,sqrt,1.037850968679705,0.7830916044357371,0.7539573428239736,1.223131773879911,0.9551265780933975,0.5991483763647674
combined,10.0,5,1,sqrt,0.9822771554629224,0.7588638801483352,0.7796015649834043,1.2679714333782208,0.9964296148203139,0.5692194472586313
combined,10.0,2,1,sqrt,0.9577114960912914,0.7428857556823886,0.7904875575549484,1.2728079686814844,0.9973713694721641,0.5659268510575868
combined,10.0,5,2,sqrt,1.0556590657532487,0.8093871671650892,0.7454413952370946,1.2862320704000154,1.0143037160502735,0.5567223666600013
combined,10.0,2,2,sqrt,1.0489589146965643,0.8049300757343052,0.7486624513389233,1.2881619955701546,1.0139258868035521,0.5553911380379688
combined,10.0,2,4,sqrt,1.1638966583862747,0.8899658997493027,0.6905651237734753,1.3206198813849097,1.0407281367884607,0.532703193725524
combined,10.0,5,4,sqrt,1.1638966583862747,0.8899658997493027,0.6905651237734753,1.3206198813849097,1.0407281367884607,0.5327031937255241
descriptors,20.0,2,1,sqrt,0.26737900815207855,0.1945564728089114,0.9836696672365255,0.7586739832957979,0.5771735000945003,0.8457775730012396
descriptors,,2,1,sqrt,0.2674645702047065,0.19451492072637766,0.9836592140572419,0.7596677209890436,0.5788353345168348,0.8453732965592383
descriptors,20.0,5,1,sqrt,0.34264019516887123,0.25358864028619743,0.9731825773829709,0.7678179187031866,0.5876780627010127,0.8420376315367792
descriptors,,5,1,sqrt,0.3426014653618847,0.2534704309332994,0.9731886395724998,0.7692235954790986,0.5885101773338274,0.841458725314068
descriptors,10.0,5,1,sqrt,0.3798990798409715,0.28638720997850037,0.967033191763336,0.7695338518948147,0.5915641467177803,0.8413308083659159
descriptors,10.0,2,1,sqrt,0.329781852246251,0.25295963686389283,0.9751575785980898,0.7719031544371759,0.5885934785054713,0.8403522573948006
descriptors,20.0,2,2,sqrt,0.384052993724665,0.27848434412658635,0.9663083152617722,0.7722529236754896,0.592371120557509,0.8402075435916471
descriptors,20.0,5,2,sqrt,0.39603632935599364,0.2882592845938464,0.9641729976812303,0.7722745507692008,0.5911827802595216,0.8401985934285231
descriptors,,5,2,sqrt,0.39603632935599364,0.2882592845938465,0.9641729976812303,0.7722745507692009,0.5911827802595216,0.840198593428523
descriptors,,2,2,sqrt,0.38404288945848636,0.2785083362149912,0.9663100880654107,0.7724451200691276,0.592504292572381,0.840127996193079
descriptors,10.0,5,2,sqrt,0.4170132336192779,0.3073249574301276,0.96027717810619,0.7774620207519377,0.5960881927398706,0.8380445689755304
descriptors,20.0,2,4,sqrt,0.5024254770513064,0.3647181407156683,0.9423387934499421,0.7798666992802163,0.594344210777437,0.8370411681152654
descriptors,20.0,5,4,sqrt,0.5024254770513064,0.36471814071566827,0.9423387934499421,0.7798666992802163,0.594344210777437,0.8370411681152654
descriptors,,2,4,sqrt,0.5024254770513064,0.36471814071566827,0.9423387934499421,0.7798666992802166,0.594344210777437,0.8370411681152654
descriptors,,5,4,sqrt,0.5024254770513064,0.36471814071566827,0.9423387934499421,0.7798666992802167,0.5943442107774369,0.8370411681152653
descriptors,10.0,2,2,sqrt,0.4063036155210756,0.3008378704719025,0.9622912798533967,0.7800000201375247,0.5973488421508268,0.8369854466227502
descriptors,10.0,2,4,sqrt,0.5054607724316142,0.36803617223368673,0.9416399934444919,0.7803965641963473,0.5959699650464974,0.8368196546156835
descriptors,10.0,5,4,sqrt,0.5054607724316142,0.36803617223368673,0.9416399934444919,0.7803965641963474,0.5959699650464971,0.8368196546156835
descriptors,20.0,2,2,0.5,0.3618512572056316,0.25956816524244636,0.9700910896953111,0.7889462995983323,0.6059089218324748,0.8332245820422093
descriptors,,2,2,0.5,0.36188694127606663,0.2596107872967934,0.9700851904520981,0.7890192455637189,0.6059715372995903,0.8331937405101881
descriptors,10.0,2,2,0.5,0.38284916172906996,0.27880641055330496,0.9665192005380081,0.7890316988993703,0.6042891929722445,0.8331884749586995
descriptors,20.0,2,1,0.5,0.2701378325971035,0.19620155475824028,0.9833309349766248,0.7891530574101295,0.5957630140206149,0.8331371574891532
descriptors,10.0,5,1,0.5,0.35901376771742866,0.26887761590977083,0.9705583174516363,0.7902019061682121,0.6056388897370806,0.8326933140867744
descriptors,,2,1,0.5,0.27036754916552813,0.19623581310001706,0.983302573243824,0.7915381775163162,0.5973528063208071,0.832126987529872
descriptors,20.0,5,2,0.5,0.3759031167857067,0.2686206007241399,0.9677230661686175,0.7915973427117753,0.6089687556728038,0.8321018905450888
descriptors,,5,2,0.5,0.3759031167857068,0.26862060072413996,0.9677230661686175,0.7915973427117754,0.6089687556728038,0.8321018905450887
descriptors,10.0,2,4,0.5,0.47696212203769506,0.34235098886986887,0.9480353268015086,0.7922548715207808,0.6073969532991823,0.8318228504620415
descriptors,10.0,5,4,0.5,0.47696212203769506,0.34235098886986887,0.9480353268015086,0.7922548715207809,0.6073969532991823,0.8318228504620415
descriptors,,5,4,0.5,0.47442557940088265,0.3394244865666108,0.9485865660327514,0.7929606697622613,0.6090312890526198,0.8315230681228465
descriptors,,2,4,0.5,0.4744255794008827,0.33942448656661084,0.9485865660327514,0.7929606697622614,0.6090312890526196,0.8315230681228465
descriptors,20.0,2,4,0.5,0.47442557940088265,0.33942448656661084,0.9485865660327514,0.7929606697622615,0.6090312890526195,0.8315230681228465
descriptors,20.0,5,4,0.5,0.47442557940088265,0.33942448656661084,0.9485865660327514,0.7929606697622616,0.6090312890526199,0.8315230681228465
descriptors,,5,1,0.5,0.3294939524750489,0.24160292428855404,0.9752009345649695,0.7937795190038416,0.6059436133648632,0.8311749337354262
descriptors,20.0,5,1,0.5,0.32956374417473183,0.2416354354361446,0.9751904278335682,0.7939045198121116,0.6061966989452487,0.8311217579331844
descriptors,10.0,2,1,0.5,0.3180005274237357,0.24162466305861643,0.9769008446756731,0.794284591592402,0.6016703383240629,0.8309600225693045
descriptors,10.0,5,2,0.5,0.3946601409004082,0.28578772607345154,0.9644215559005899,0.7957125598223878,0.6077161334594395,0.830351674628869
descriptors,,5,2,1.0,0.36071253081947,0.25549303291949077,0.9702790369538654,0.8041327061616235,0.6221036584150585,0.8267422766514018
descriptors,20.0,5,2,1.0,0.36071253081947,0.25549303291949077,0.9702790369538654,0.8041327061616236,0.6221036584150587,0.8267422766514017
descriptors,20.0,2,2,1.0,0.3482876396323907,0.24624138368690357,0.9722912749819029,0.8052014261063047,0.6217872443351445,0.8262814397081066
descriptors,,2,2,1.0,0.3482876396323907,0.24624138368690354,0.9722912749819029,0.8052014261063049,0.6217872443351443,0.8262814397081066
descriptors,,5,4,1.0,0.45027313178942485,0.31978641883008824,0.9536881121818853,0.805425653468137,0.6320868181905354,0.8261846741614295
descriptors,,2,4,1.0,0.45027313178942485,0.3197864188300882,0.9536881121818853,0.8054256534681371,0.6320868181905356,0.8261846741614294
descriptors,20.0,2,4,1.0,0.45027313178942485,0.3197864188300882,0.9536881121818853,0.8054256534681371,0.6320868181905354,0.8261846741614294
descriptors,20.0,5,4,1.0,0.45027313178942485,0.31978641883008824,0.9536881121818853,0.8054256534681372,0.6320868181905355,0.8261846741614294
descriptors,10.0,2,4,1.0,0.4534224635233296,0.323035060949498,0.9530380109433803,0.8059900185993627,0.6320659791977954,0.8259410025657943
descriptors,10.0,5,4,1.0,0.4534224635233296,0.323035060949498,0.9530380109433801,0.8059900185993627,0.6320659791977954,0.8259410025657943
descriptors,10.0,5,2,1.0,0.376089038001249,0.2715229778970083,0.9676911300098614,0.8072085558267653,0.6251317630790195,0.8254143020034967
descriptors,10.0,2,2,1.0,0.3656181294605539,0.26438625237641084,0.969465144899506,0.8078189316217598,0.6244720824944545,0.8251501740466379
descriptors,,2,1,1.0,0.2761251501447522,0.19988606676806045,0.9825838422941725,0.8096599157803839,0.622333335593886,0.8243523156644902
descriptors,20.0,2,1,1.0,0.2761767982988756,0.19991337691248134,0.9825773264333598,0.8097240480049172,0.622239983426134,0.8243244888630343
descriptors,10.0,2,1,1.0,0.31244261092725967,0.23689971630953188,0.9777012286021286,0.8126612435358185,0.6269388813319894,0.8230476855239898
descriptors,,5,1,1.0,0.3245762804054802,0.23519922399504467,0.9759356588044714,0.8127315992609047,0.6281007854820351,0.8230170450882637
descriptors,20.0,5,1,1.0,0.3245983924051279,0.23519669019580952,0.9759323798906296,0.8128607085996933,0.628168773221723,0.8229608101214506
descriptors,10.0,5,1,1.0,0.3482016965932415,0.2594806377459656,0.9723049480380542,0.817448656676278,0.6331413216766131,0.8209566811407811
