generated_smiles,valid,canonical_smiles,novel_vs_training,desc_mol_weight,desc_logp,desc_tpsa,desc_hbd,desc_hba,desc_rotatable_bonds,desc_ring_count,desc_aromatic_ring_count,desc_heavy_atom_count,desc_fraction_csp3,qed,lipinski_mw_violation,lipinski_logp_violation,lipinski_hbd_violation,lipinski_hba_violation,lipinski_violations,lipinski_compliant,predicted_logS,predicted_solubility_mol_L,n_descriptors_outside_esol_range,inside_esol_descriptor_range,basic_candidate,qed_score,solubility_score,lipinski_score,multiobjective_score,pareto_front,overall_rank,max_similarity_to_previous_selected,diverse_rank
CC(NC(=O)N1CCCC1c1ccccn1)S(C)(=O)=O,True,CC(NC(=O)N1CCCC1c1ccccn1)S(C)(=O)=O,True,297.3800000000001,1.3187000000000002,79.37,1,4,3,2,1,20,0.5384615384615384,0.9122315106205956,False,False,False,False,0,True,-2.5005825333333296,0.0031580388376199,0,True,True,0.9076586936522539,0.9353725850965962,1.0,0.935826816927323,True,1,0.0,1
Cc1csc(NC(=O)C2CCN(S(C)(=O)=O)CC2)n1,True,Cc1csc(NC(=O)C2CCN(S(C)(=O)=O)CC2)n1,True,303.4090000000001,1.06162,79.37,1,5,3,2,1,19,0.6363636363636364,0.90533430834147,False,False,False,False,0,True,-2.3817442380952345,0.0041519848666352,0,True,True,0.8801747930082797,0.9554967801287948,1.0,0.9305025298988041,True,2,0.2537313432835821,2
CC1CCN(S(=O)(=O)c2cccc(NC(C)=O)c2)C1=O,True,CC(=O)Nc1cccc(S(=O)(=O)N2CCC(C)C2=O)c1,True,296.348,1.2021,83.55000000000001,1,4,3,2,1,20,0.3846153846153846,0.908179834965329,False,False,False,False,0,True,-2.499153333333327,0.0031684486034211,0,True,True,0.891099356025759,0.9356025758969642,1.0,0.9284556117755289,True,3,0.22727272727272727,3
CCNC(=O)Cn1cnc2cc(Cl)ccc2c1=O,True,CCNC(=O)Cn1cnc2cc(Cl)ccc2c1=O,True,265.7,1.1859999999999993,63.99,1,3,3,2,2,18,0.25,0.90657144460129,False,False,False,False,0,True,-2.487457999999989,0.0032549325996499,0,True,True,0.8841996320147194,0.937097516099356,1.0,0.9258739650413983,True,4,0.16216216216216217,4
CCc1cc(C(=O)NC(C)c2nnnn2C)ccc1F,True,CCc1cc(C(=O)NC(C)c2nnnn2C)ccc1F,True,277.303,1.4025999999999996,72.70000000000002,1,4,4,2,2,20,0.3846153846153846,0.9165613201116612,False,False,False,False,0,True,-2.723222999999998,0.0018913721941359,0,True,True,0.9204231830726771,0.8892594296228151,1.0,0.92543123275069,True,5,0.19718309859154928,5
O=C(CN1CCOCC1)Nc1ccccc1Br,True,O=C(CN1CCOCC1)Nc1ccccc1Br,True,299.168,1.7197999999999998,41.57,1,3,3,2,1,17,0.4166666666666667,0.9238056480893544,False,False,False,False,0,True,-2.8466339999999954,0.0014235279544495,0,True,True,0.9435372585096596,0.859360625574977,1.0,0.9253679852805887,True,6,0.19402985074626866,6
CC(C)NC(=O)c1ccc(Br)cc1S(C)(=O)=O,True,CC(C)NC(=O)c1ccc(Br)cc1S(C)(=O)=O,True,320.208,1.9908,63.24,1,3,3,1,1,17,0.3636363636363636,0.9262897626490326,False,False,False,False,0,True,-2.9527559999999995,0.0011149207544379,0,True,True,0.9502069917203312,0.8342916283348666,1.0,0.9195952161913523,True,7,0.23809523809523808,7
Cc1cccc(NC(=O)Cn2cncn2)c1Br,True,Cc1cccc(NC(=O)Cn2cncn2)c1Br,True,295.14,1.98772,59.81,1,3,3,2,2,17,0.1818181818181818,0.9416829207879944,False,False,False,False,0,True,-3.1505789999999987,0.0007070025822286,0,True,True,0.9871205151793928,0.7851885924563018,1.0,0.9190202391904323,True,8,0.3392857142857143,8
CS(=O)(=O)c1ccccc1C(=O)NCC1CCCO1,True,CS(=O)(=O)c1ccccc1C(=O)NCC1CCCO1,True,283.34900000000005,0.9989,72.47,1,4,4,2,1,19,0.4615384615384615,0.8944382102829735,False,False,False,False,0,True,-2.3169332380952308,0.004820218907291,0,True,True,0.8472861085556578,0.9640064397424103,1.0,0.9186810027598895,True,9,0.32142857142857145,9
Cn1c(C(=O)N(C)Cc2scnc2CC)ccc1O,True,CCc1ncsc1CN(C)C(=O)c1ccc(O)n1C,True,279.365,2.0218,58.36000000000001,1,4,4,2,2,19,0.3846153846153846,0.9312168380340524,False,False,False,False,0,True,-3.064727000000003,0.0008615351479354,0,True,True,0.9633164673413064,0.8077276908923643,1.0,0.9161971021159154,True,10,0.1780821917808219,10
CNS(=O)(=O)c1ccc(Cn2cccc(Cl)c2=O)cc1,True,CNS(=O)(=O)c1ccc(Cn2cccc(Cl)c2=O)cc1,True,312.7780000000001,1.4580999999999995,68.17,1,3,4,2,2,20,0.1538461538461538,0.9290171936140186,False,False,False,False,0,True,-3.057132,0.000876734304938,0,True,True,0.9571067157313707,0.8099126034958601,1.0,0.9141674333026679,True,11,0.203125,11
CC(=O)N1CCC(NC(=O)Cc2ccccc2Cl)CC1,True,CC(=O)N1CCC(NC(=O)Cc2ccccc2Cl)CC1,True,294.7820000000001,2.0096,49.41,1,2,3,2,1,20,0.4666666666666667,0.9269489822088832,False,False,False,False,0,True,-3.0442660000000004,0.0009030961690569,0,True,True,0.9517019319227231,0.812672493100276,1.0,0.912701241950322,True,12,0.23880597014925373,12
O=C(Cn1cc(Br)cn1)Nc1ccccc1F,True,O=C(Cn1cc(Br)cn1)Nc1ccccc1F,True,298.115,2.423400000000001,46.92,1,2,3,2,2,17,0.0909090909090909,0.945685308162688,False,False,False,False,0,True,-3.2920289999999963,0.0005104709121586,0,True,True,0.9974701011959521,0.7478150873965042,1.0,0.9105968261269548,True,13,0.42592592592592593,13
Cc1[nH]c(=O)n(CC(=O)N(C)c2ccccc2Cl)c1C,True,Cc1[nH]c(=O)n(CC(=O)N(C)c2ccccc2Cl)c1C,True,293.754,2.10964,58.1,1,2,3,2,2,20,0.2857142857142857,0.9420880726620872,False,False,False,False,0,True,-3.286833000000001,0.0005166149859266,0,True,True,0.9886154553817847,0.74942502299908,1.0,0.907175712971481,True,14,0.23809523809523808,14
COc1ccc(S(=O)(=O)N2CCCC(O)C2)cc1,True,COc1ccc(S(=O)(=O)N2CCCC(O)C2)cc1,True,271.338,0.8406,66.84,1,4,3,2,1,18,0.5,0.8844029706542432,False,False,False,False,0,True,-2.280209966666659,0.0052455379494919,0,True,True,0.8070377184912604,0.9697562097516099,1.0,0.9025816467341305,True,15,0.25,15
CCCOc1ccc(S(=O)(=O)N2CCC(O)CC2)cn1,True,CCCOc1ccc(S(=O)(=O)N2CCC(O)CC2)cn1,True,300.38000000000005,1.0158,79.73,1,5,5,2,1,20,0.6153846153846154,0.8778198031752477,False,False,False,False,0,True,-2.274789133333328,0.0053114227162509,0,True,True,0.7804737810487581,0.9703311867525299,1.0,0.8908291168353266,True,16,0.375,16
CC(C)n1cccc1S(=O)(=O)N1CCC(C(N)=O)c1,True,CC(C)n1cccc1S(=O)(=O)N1CCC(C(N)=O)C1,True,285.369,0.5649000000000001,85.4,1,3,4,2,1,19,0.5833333333333334,0.8770042988455442,False,False,False,False,0,True,-2.2611963333333303,0.0054802915906448,0,True,True,0.7757589696412144,0.9724011039558418,1.0,0.8894319227230911,True,17,0.2833333333333333,17
CCn1cc(C(=O)NCc2c(C)nn(C)c2)cn1,True,CCn1cc(C(=O)NCc2cn(C)nc2C)cn1,True,247.302,0.8749199999999999,64.74000000000001,1,3,4,2,2,18,0.4166666666666667,0.8717089226802014,False,False,False,False,0,True,-2.1960409523809523,0.0063673547625079,0,True,True,0.7571297148114076,0.9810257589696412,1.0,0.8840673873045077,True,18,0.2222222222222222,18
CN(C(=O)CN1CCOC(CO)C1)c1ccccc1F,True,CN(C(=O)CN1CCOC(CO)C1)c1ccccc1F,True,282.315,0.4816000000000007,53.010000000000005,1,4,4,2,1,20,0.5,0.8726385621132181,False,False,False,False,0,True,-2.256555666666663,0.0055391653989661,0,True,True,0.7611545538178472,0.9736660533578657,1.0,0.8833026678932843,True,19,0.3333333333333333,19
CNC(=O)CN(C)S(=O)(=O)c1cccc(F)c1C,True,CNC(=O)CN(C)S(=O)(=O)c1cccc(F)c1C,True,274.317,0.5006200000000001,66.48,1,3,4,1,1,18,0.3636363636363636,0.8691945888827044,False,False,False,False,0,True,-2.1877934666666645,0.0064894297187064,0,True,True,0.7436752529898804,0.9817157313707452,1.0,0.878254369825207,True,20,0.23333333333333334,20
COCc1ccc(CC(=O)N2CCC(C(N)=O)CC2)o1,True,COCc1ccc(CC(=O)N2CCC(C(N)=O)CC2)o1,True,280.324,0.6924,85.77,1,4,5,2,1,20,0.5714285714285714,0.8595821248009667,False,False,False,False,0,True,-2.1661179999999964,0.006821533244629,0,True,True,0.702506899724011,0.983785648574057,1.0,0.8604530818767249,True,21,0.2857142857142857,21
CCC(=O)N1CCC(NC(=O)NCc2ncco2)CC1,True,CCC(=O)N1CCC(NC(=O)NCc2ncco2)CC1,True,280.3280000000001,0.8747999999999997,87.47000000000001,2,4,4,2,1,20,0.6153846153846154,0.856538161642033,False,False,False,False,0,True,-2.1360056333333293,0.0073112959977218,0,True,True,0.687557497700092,0.9862005519779209,1.0,0.8545710671573137,True,22,0.3225806451612903,22
CC(C)NC(=O)c1ccc(-n2cccn2)cc1Br,True,CC(C)NC(=O)c1ccc(-n2cccn2)cc1Br,True,308.179,2.773000000000001,46.92,1,2,3,2,2,18,0.2307692307692307,0.9475455263994916,False,False,False,False,0,True,-3.793013999999998,0.0001610593714934,0,True,True,0.9989650413983441,0.577046918123275,1.0,0.8515006899724011,True,23,0.40384615384615385,23
CC1CCCC(C)N1S(=O)(=O)N1CCCC(C(N)=O)C1,True,CC1CCCC(C)N1S(=O)(=O)N1CCCC(C(N)=O)C1,True,303.42800000000005,0.691400000000001,83.71000000000001,1,3,3,2,0,20,0.9230769230769232,0.8323649379497449,False,False,False,False,0,True,-1.9970229999999984,0.0100687834370929,0,True,True,0.5711821527138914,0.9948252069917203,1.0,0.8052207911683531,True,24,0.36363636363636365,24
COc1cc(C2(C(=O)N3CCc4ccccc43)CC2)ccc1O,True,COc1cc(C2(C(=O)N3CCc4ccccc43)CC2)ccc1O,True,309.365,3.0217000000000023,49.77,1,3,3,4,2,23,0.3157894736842105,0.9479150987147356,False,False,False,False,0,True,-4.018473107142868,9.58356058839362e-05,0,True,True,0.999770009199632,0.43790248390064396,1.0,0.8031623735050597,True,25,0.19718309859154928,25
CCCC1CN(C(=O)c2nc3ccc(F)cc3[nH]2)CC(C)O1,True,CCCC1CN(C(=O)c2nc3ccc(F)cc3[nH]2)CC(C)O1,True,305.35300000000007,2.731600000000001,58.22,1,3,3,3,2,22,0.5,0.9483018776989284,False,False,False,False,0,True,-4.036712942857142,9.189397906397056e-05,0,True,True,1.0,0.42444802207911686,1.0,0.798556807727691,True,26,0.20253164556962025,26
CN(C)c1ccc(-n2cc(N)cn2)cc1,True,CN(C)c1ccc(-n2cc(N)cn2)cc1,True,202.261,1.5205,47.08,1,3,2,2,2,15,0.1818181818181818,0.802785140420963,False,False,False,False,0,True,-1.977002738095244,0.01054380248822,0,True,True,0.45814167433302666,0.9955151793928243,1.0,0.7545940662373505,True,27,0.1724137931034483,27
CS(=O)(=O)N1CCC(C(=O)NCC2CCCO2)CC1,True,CS(=O)(=O)N1CCC(C(=O)NCC2CCCO2)CC1,True,290.3850000000001,-0.046799999999999,75.71000000000001,1,4,4,2,0,19,0.9166666666666666,0.7876712626501161,False,False,False,False,0,True,-1.963055999999999,0.0108878969055052,0,True,True,0.38465961361545536,0.9962051517939282,1.0,0.7217686292548298,True,28,0.46296296296296297,28
CCS(=O)(=O)N1CCCC(C(=O)NCC2COCC2)C1,True,CCS(=O)(=O)N1CCCC(C(=O)NCC2CCOC2)C1,True,304.4120000000001,0.2008000000000007,75.71000000000001,1,4,5,2,0,20,0.9230769230769232,0.7871494223414832,False,False,False,False,0,True,-1.9272186666666644,0.011824460458816,0,True,True,0.38189972401103955,0.9972401103955841,1.0,0.7208889144434223,True,29,0.40350877192982454,29
CS(=O)(=O)NC1CCN(C(=O)C2CCCO2)CC1,True,CS(=O)(=O)NC1CCN(C(=O)C2CCCO2)CC1,True,276.358,-0.2943999999999991,75.71000000000001,1,4,3,2,0,18,0.9090909090909092,0.7680635322324956,False,False,False,False,0,True,-1.8880216666666667,0.0129413127647942,0,True,True,0.30715271389144433,0.9981600735970562,1.0,0.6875747470101197,True,30,0.35185185185185186,30
CCOC(=O)N1CC(NC(=O)CC2CCC(=O)N2)CC1,True,CCOC(=O)N1CCC(NC(=O)CC2CCC(=O)N2)C1,True,283.328,0.0021000000000011,87.74000000000001,2,4,4,2,0,20,0.7692307692307693,0.7600890657979201,False,False,False,False,0,True,-1.8148670666666635,0.0153155618445251,0,True,True,0.2847286108555658,0.99942502299908,1.0,0.6779266329346826,True,31,0.30158730158730157,31
N#CCCC(O)Cn1cccn1,True,N#CCCC(O)Cn1cccn1,True,165.196,0.5477799999999999,61.84,1,3,4,1,1,12,0.5,0.7081588950356974,False,False,False,False,0,True,-1.784980860317461,0.0164066207681073,0,True,True,0.15087396504139836,0.999540018399264,1.0,0.6177322907083715,True,32,0.1864406779661017,32
Cc1nnnn1CC(=O)NCCc1c(CO)cnn1C,True,Cc1nnnn1CC(=O)NCCc1c(CO)cnn1C,True,279.304,-1.433779999999999,110.75,2,6,6,2,2,20,0.5454545454545454,0.6701703692711627,False,False,False,False,0,True,-1.773683999999999,0.0168389884867067,0,True,True,0.09786108555657774,0.999655013799448,1.0,0.5939167433302668,True,33,0.2361111111111111,33
CNC(=O)CCNS(=O)(=O)N1CCOCC1,True,CNC(=O)CCNS(=O)(=O)N1CCOCC1,True,251.30799999999996,-1.7108999999999976,87.74000000000001,2,4,5,1,0,16,0.875,0.6087984193770756,False,False,False,False,0,True,-1.6029808666666674,0.0249470463154879,0,True,True,0.04611315547378105,0.999885004599816,1.0,0.5707106715731372,True,34,0.2641509433962264,34
CC(=O)NCCNC(=O)CN(C)S(C)(=O)=O,True,CC(=O)NCCNC(=O)CN(C)S(C)(=O)=O,True,251.308,-1.869899999999998,95.58,2,4,6,0,0,16,0.75,0.5405965678636119,False,False,False,False,0,True,-1.475653785714288,0.0334461562472757,0,True,True,0.010349586016559338,1.0,1.0,0.5546573137074517,True,35,0.28,35
CC1CCN(S(=O)(=O)c2ccc(C(N)=O)cc2)CC1,True,CC1CCN(S(=O)(=O)c2ccc(C(N)=O)cc2)CC1,True,282.36500000000007,1.2061000000000004,80.47,1,3,3,2,1,19,0.4615384615384615,0.9043672341198288,False,False,False,False,0,True,-2.456153366666661,0.0034982160927977,0,True,True,0.8771849126034958,0.9423873045078197,1.0,0.9245687672493099,False,36,0.38,36
Cc1nn(C)c(C)c1S(=O)(=O)CC(=O)Nc1nccs1,True,Cc1nn(C)c(C)c1S(=O)(=O)CC(=O)Nc1nccs1,True,314.392,0.9058399999999996,93.95,1,6,4,2,2,20,0.3636363636363636,0.9048351962371436,False,False,False,False,0,True,-2.490577999999996,0.00323163274474,0,True,True,0.8790248390064398,0.9362925482980681,1.0,0.9232635694572218,False,37,0.24242424242424243,37
COc1nn(C)cc1C(=O)Nc1ccc(F)cc1C,True,COc1nn(C)cc1C(=O)Nc1ccc(F)cc1C,True,263.272,2.12852,56.150000000000006,1,3,3,2,2,19,0.2307692307692307,0.922505458370232,False,False,False,False,0,True,-2.8675899999999928,0.0013564693964118,0,True,True,0.9395124195032198,0.8549908003679852,1.0,0.9220273689052436,False,38,0.26153846153846155,38
Cc1nc(NC(=O)Cn2ccccc2=O)sc1C,True,Cc1nc(NC(=O)Cn2ccccc2=O)sc1C,True,263.322,1.56034,63.99,1,4,3,2,2,18,0.25,0.9136520765202978,False,False,False,False,0,True,-2.7456733333333267,0.00179608409345,0,True,True,0.9108785648574057,0.8840846366145354,1.0,0.91932497700092,False,39,0.2711864406779661,39
Cc1nc2ccc(Cl)cc2n1CC(O)COC,True,COCC(O)Cn1c(C)nc2ccc(Cl)cc21,True,254.717,2.00542,47.28,1,3,4,2,2,17,0.4166666666666667,0.9079895405647672,False,False,False,False,0,True,-2.6369349999999923,0.0023070924608674,0,True,True,0.890064397424103,0.9099586016559338,1.0,0.9190144894204231,False,40,0.23076923076923078,40
COc1ccc(S(=O)(=O)Nc2ccn(C)n2)cc1C,True,COc1ccc(S(=O)(=O)Nc2ccn(C)n2)cc1C,True,281.33700000000005,1.5379199999999995,73.22,1,4,4,2,2,19,0.25,0.9222181897153297,False,False,False,False,0,True,-2.929680333333329,0.0011757626680313,0,True,True,0.9387074517019319,0.8406163753449862,1.0,0.9166340846366146,False,41,0.265625,41
Cc1cc2c(N)cc(CCC(=O)N3CCOCC3)cn2n1,True,Cc1cc2c(N)cc(CCC(=O)N3CCOCC3)cn2n1,True,288.35099999999994,1.01632,72.86,1,4,3,3,2,21,0.4666666666666667,0.914806503932692,False,False,False,False,0,True,-2.804658666666663,0.0015679829406459,0,True,True,0.9151333946642134,0.8693652253909844,1.0,0.9160878564857404,False,42,0.2222222222222222,42
COCc1cc(C(=O)N2CCCC(C(N)=O)C2)c(C)s1,True,COCc1cc(C(=O)N2CCCC(C(N)=O)C2)c(C)s1,True,296.39199999999994,1.5404199999999997,72.63,1,4,4,2,1,20,0.5714285714285714,0.9157193670096456,False,False,False,False,0,True,-2.8179155333333354,0.0015208432923482,0,True,True,0.9175482980680773,0.8654553817847286,1.0,0.9158061177552896,False,43,0.3870967741935484,43
CN1CCN(C(=O)NCCc2ccccc2C#N)CC1,True,CN1CCN(C(=O)NCCc2ccccc2C#N)CC1,True,272.35200000000003,1.0577799999999995,59.37,1,3,3,2,1,20,0.4666666666666667,0.894727562453356,False,False,False,False,0,True,-2.3874049047619006,0.0040982183657798,0,True,True,0.8480910763569457,0.9544618215271389,1.0,0.9157026218951241,False,44,0.2786885245901639,44
Cc1ccc(C2(NC(=O)Cn3cncn3)CCO2)cc1,True,Cc1ccc(C2(NC(=O)Cn3cncn3)CCO2)cc1,True,272.308,0.97602,69.04,1,4,4,3,2,20,0.3571428571428571,0.9003476712460269,False,False,False,False,0,True,-2.5264179999999987,0.0029756510444017,0,True,True,0.8625804967801288,0.9311177552897885,1.0,0.9140524379024839,False,45,0.43103448275862066,45
O=C(COc1ccc(Cl)cc1)N1CCCC(O)C1,True,O=C(COc1ccc(Cl)cc1)N1CCCC(O)C1,True,269.728,1.7021,49.77,1,3,3,2,1,18,0.4615384615384615,0.9087128127391172,False,False,False,False,0,True,-2.714243999999995,0.0019308831826433,0,True,True,0.8927092916283349,0.891674333026679,1.0,0.9138051977920882,False,46,0.37037037037037035,46
CC(C)(C)NC(=O)c1ccc(=O)n(Cc2ncccn2)c1,True,CC(C)(C)NC(=O)c1ccc(=O)n(Cc2ncccn2)c1,True,286.335,1.2148999999999996,76.88,1,4,3,2,2,21,0.3333333333333333,0.9198988297886392,False,False,False,False,0,True,-2.932280666666661,0.0011687438358184,0,True,True,0.9306577736890524,0.8400413983440662,1.0,0.9128104875804968,False,47,0.25396825396825395,47
O=c1cc(-c2ccc3c(c2)OCCCO3)nnn1CCCO,True,O=c1cc(-c2ccc3c(c2)OCCCO3)nnn1CCCO,True,303.31800000000004,0.8489999999999993,86.47000000000001,1,6,4,3,2,22,0.4,0.9008262580052986,False,False,False,False,0,True,-2.565702999999994,0.0027182975894617,0,True,True,0.8639604415823368,0.9243330266789328,1.0,0.912298758049678,False,48,0.16176470588235295,48
CC(C)Cn1nccc1CNC(=O)N1CCCS1(=O)=O,True,CC(C)Cn1nccc1CNC(=O)N1CCCS1(=O)=O,True,300.384,0.7842000000000005,84.30000000000001,1,4,4,2,1,20,0.6666666666666666,0.8904625067365328,False,False,False,False,0,True,-2.320297966666664,0.0047830181990287,0,True,True,0.8337166513339467,0.9632014719411224,1.0,0.9122930082796687,False,49,0.2328767123287671,49
CNC(=O)C1CCN(C(=O)CCc2cccs2)CC1,True,CNC(=O)C1CCN(C(=O)CCc2cccs2)CC1,True,280.3930000000001,1.6652999999999998,49.41,1,3,4,2,1,19,0.5714285714285714,0.9117401528001956,False,False,False,False,0,True,-2.7996579999999995,0.0015861417622031,0,True,True,0.9054737810487581,0.8704001839926403,1.0,0.9121032658693653,False,50,0.32786885245901637,50
COc1c(Cl)cccc1NC(=O)C1CC(=O)N(C)C1,True,COc1c(Cl)cccc1NC(=O)C1CC(=O)N(C)C1,True,282.72700000000003,1.7653999999999996,58.64,1,3,3,2,1,19,0.3846153846153846,0.9190277339268194,False,False,False,False,0,True,-2.92402,0.0011911871505687,0,True,True,0.9274379024839007,0.8418813247470102,1.0,0.9120055197792087,False,51,0.25396825396825395,51
O=C(NCC(=O)N1CCCC1)c1ccn(-c2ccccc2)n1,True,O=C(NCC(=O)N1CCCC1)c1ccn(-c2ccccc2)n1,True,298.346,1.2244999999999993,67.23,1,3,4,3,2,22,0.3125,0.9227541722919717,False,False,False,False,0,True,-2.993194333333329,0.0010157940547731,0,True,True,0.9397424103035878,0.8248620055197792,1.0,0.9115857865685373,False,52,0.23076923076923078,52
O=C(NCCc1cc(Cl)ccn1)c1cccnc1,True,O=C(NCCc1cc(Cl)ccn1)c1cccnc1,True,261.712,2.1025,54.88,1,3,4,2,2,18,0.1538461538461538,0.917062507787186,False,False,False,False,0,True,-2.9050009999999915,0.0012445117461739,0,True,True,0.922148114075437,0.8469411223551058,1.0,0.9113960441582336,False,53,0.265625,53
Cc1nc(C)n(CC(=O)Nc2cc(C(C)C)ncn2)n1,True,Cc1nc(C)n(CC(=O)Nc2cc(C(C)C)ncn2)n1,True,274.328,1.4470399999999997,85.59,1,5,4,2,2,20,0.4615384615384615,0.911533334649928,False,False,False,False,0,True,-2.80385,0.0015709052821083,0,True,True,0.9044388224471022,0.8695952161913524,1.0,0.9113557957681693,False,54,0.24242424242424243,54
Cc1cc(C)c(C(=O)NCCN2CCCCC2=O)n1C,True,Cc1cc(C)n(C)c1C(=O)NCCN1CCCCC1=O,True,277.368,1.3842399999999997,54.34,1,2,4,2,1,20,0.6,0.9038060314259094,False,False,False,False,0,True,-2.6543270000000003,0.0022165268677946,0,True,True,0.875344986200552,0.906278748850046,1.0,0.9111028058877646,False,55,0.208955223880597,55
COc1ccccc1CNC(=O)c1ccc(=O)n(C)c1,True,COc1ccccc1CNC(=O)c1ccc(=O)n(C)c1,True,272.304,1.3239,60.33,1,3,4,2,2,20,0.2,0.9129284294096996,False,False,False,False,0,True,-2.8373476666666617,0.0014542944051332,0,True,True,0.9093836246550138,0.8615455381784729,1.0,0.9107635694572216,False,56,0.3220338983050847,56
O=C(Cn1cc(Br)cn1)Nc1cccnc1,True,O=C(Cn1cc(Br)cn1)Nc1cccnc1,True,281.113,1.6792999999999998,59.81,1,3,3,2,2,16,0.1,0.930718217922613,False,False,False,False,0,True,-3.120923999999992,0.0007569653496929,0,True,True,0.9622815087396505,0.7927782888684453,1.0,0.9104990800367985,False,57,0.574468085106383,57
NC(=O)C1CCCN(S(=O)(=O)c2ccc(F)c(Cl)c2)C1,True,NC(=O)C1CCCN(S(=O)(=O)c2ccc(F)c(Cl)c2)C1,True,320.773,1.3651000000000002,80.47,1,3,3,2,1,20,0.4166666666666667,0.9128932074070067,False,False,False,False,0,True,-2.8456005333333296,0.0014269194792564,0,True,True,0.9091536338546458,0.860050597976081,1.0,0.9101368445262188,False,58,0.42592592592592593,58
CCNc1ccc(S(=O)(=O)N2CCOCC2C)cc1,True,CCNc1ccc(S(=O)(=O)N2CCOCC2C)cc1,True,284.3809999999999,1.5277999999999994,58.64,1,4,4,2,1,19,0.5384615384615384,0.910662125740828,False,False,False,False,0,True,-2.794425000000001,0.0016053694716457,0,True,True,0.9004139834406624,0.8710901563937442,1.0,0.9100678472861086,False,59,0.2857142857142857,59
CC(=O)N1CCCCC1C(=O)NCCc1ccccc1,True,CC(=O)N1CCCCC1C(=O)NCCc1ccccc1,True,274.364,1.7462999999999993,49.41,1,2,4,2,1,20,0.5,0.909022815873599,False,False,False,False,0,True,-2.7747860000000006,0.0016796314580363,0,True,True,0.8942042318307267,0.8779898804047838,1.0,0.9096883624655012,False,60,0.3220338983050847,60
O=S(=O)(NCc1cccnn1)N1CCc2ccccc21,True,O=S(=O)(NCc1cccnn1)N1CCc2ccccc21,True,290.348,0.8736999999999997,75.19,1,4,4,3,2,20,0.2307692307692307,0.9064898220110728,False,False,False,False,0,True,-2.729749333333326,0.0018631622088189,0,True,True,0.8840846366145354,0.8879944802207912,1.0,0.9086361545538177,False,61,0.22857142857142856,61
Cc1ncc(CNC(=O)c2c(C)ccc3c2OCC3)n(C)c1=O,True,Cc1ccc2c(c1C(=O)NCc1cnc(C)c(=O)n1C)OCC2,True,313.3570000000001,1.2620399999999998,73.22,1,4,3,3,2,23,0.3529411764705882,0.9257376574811056,False,False,False,False,0,True,-3.081208666666663,0.0008294521426009,0,True,True,0.9492870285188593,0.8040478380864765,1.0,0.9085959061637534,False,62,0.2638888888888889,62
CCCNS(=O)(=O)c1cc(F)ccc1Br,True,CCCNS(=O)(=O)c1cc(F)ccc1Br,True,296.16099999999994,2.2765000000000004,46.17,1,2,4,1,1,15,0.3333333333333333,0.9262202306379173,False,False,False,False,0,True,-3.084861399999998,0.0008225051009403,0,True,True,0.9499770009199632,0.8030128794848206,1.0,0.9085441582336706,False,63,0.22641509433962265,63
CCn1ncc(C(=O)N(C)Cc2csc(=O)[nH]2)c1CC,True,CCc1c(C(=O)N(C)Cc2csc(=O)[nH]2)cnn1CC,True,294.38000000000005,1.4874,70.99000000000001,1,4,5,2,2,20,0.4615384615384615,0.9078444365228454,False,False,False,False,0,True,-2.765733333333332,0.0017150100393549,0,True,True,0.8890294388224471,0.8802897884084636,1.0,0.9081646734130635,False,64,0.27941176470588236,64
O=C(CN1CCOCC1)Nc1ccc(C(F)(F)F)cc1,True,O=C(CN1CCOCC1)Nc1ccc(C(F)(F)F)cc1,True,288.269,1.9761,41.57,1,3,3,2,1,20,0.4615384615384615,0.9243905094285332,False,False,False,False,0,True,-3.0619440000000004,0.0008670736731614,0,True,True,0.9448022079116836,0.8083026678932843,1.0,0.9080669273229072,False,65,0.5106382978723404,65
CCC(=O)N1CCC(C(=O)NCc2c(C)nn(C)c2C)CC1,True,CCC(=O)N1CCC(C(=O)NCc2c(C)nn(C)c2C)CC1,True,306.4100000000001,1.3017399999999997,67.23,1,3,4,2,1,22,0.6875,0.911572612437512,False,False,False,False,0,True,-2.848675071428569,0.001416853438794,0,True,True,0.9045538178472861,0.858900643974241,1.0,0.9076644434222632,False,66,0.36507936507936506,66
Cc1ccc(-n2nnc(C#N)c2CC(=O)NC2CC2)cc1,True,Cc1ccc(-n2nnc(C#N)c2CC(=O)NC2CC2)cc1,True,281.319,1.2685,83.6,1,4,4,3,2,21,0.3333333333333333,0.9143179016685224,False,False,False,False,0,True,-2.900477999999998,0.0012575405558252,0,True,True,0.9132934682612696,0.8475160993560258,1.0,0.9076126954921804,False,67,0.30158730158730157,67
CC(C(=O)NCc1ccccc1)n1ccccc1=O,True,CC(C(=O)NCc1ccccc1)n1ccccc1=O,True,256.305,1.7257,51.1,1,2,4,2,2,19,0.2,0.905286007891794,False,False,False,False,0,True,-2.72342704761904,0.0018904837662117,0,True,True,0.8799448022079117,0.8891444342226311,1.0,0.907175712971481,False,68,0.29310344827586204,68
COc1ccc(NC(=O)Cn2cc(Cl)cn2)cc1,True,COc1ccc(NC(=O)Cn2cc(Cl)cn2)cc1,True,265.7,2.1838,56.15,1,3,4,2,2,18,0.1666666666666666,0.9218765917138536,False,False,False,False,0,True,-3.0357749999999912,0.0009209265633319,0,True,True,0.937442502299908,0.8145124195032198,1.0,0.9069284728610856,False,69,0.41509433962264153,69
Cc1nnnn1CCC(=O)Nc1ccc(F)cc1Cl,True,Cc1nnnn1CCC(=O)Nc1ccc(F)cc1Cl,True,283.694,1.8028199999999992,72.7,1,4,4,2,2,19,0.2727272727272727,0.9285403475570914,False,False,False,False,0,True,-3.132420999999998,0.0007371892609814,0,True,True,0.9561867525298988,0.7896734130634775,1.0,0.9066697332106717,False,70,0.36507936507936506,70
O=S(=O)(Cc1ccc(Br)cc1F)NC1CC1,True,O=S(=O)(Cc1ccc(Br)cc1F)NC1CC1,True,308.172,2.17,46.17,1,2,4,2,1,16,0.4,0.926425044931663,False,False,False,False,0,True,-3.1089479999999967,0.000778129714376,0,True,True,0.9507819687212512,0.796228150873965,1.0,0.9065317387304508,False,71,0.24528301886792453,71
CCOC(=O)Nc1cc(C(=O)N(C)C)ccc1OC,True,CCOC(=O)Nc1cc(C(=O)N(C)C)ccc1OC,True,266.297,1.9654,67.87,1,4,4,1,1,19,0.3846153846153846,0.9042441314161728,False,False,False,False,0,True,-2.716757000000002,0.0019197425902907,0,True,True,0.8768399264029438,0.890984360625575,1.0,0.906422493100276,False,72,0.26229508196721313,72
CN(C)C(=O)c1cnn(Cc2cccc(F)c2)c1N,True,CN(C)C(=O)c1cnn(Cc2cccc(F)c2)c1N,True,262.288,1.3544999999999998,64.15,1,3,3,2,2,19,0.2307692307692307,0.907844341188366,False,False,False,False,0,True,-2.784656199999989,0.001641889025434,0,True,True,0.8889144434222631,0.874885004599816,1.0,0.9062212511499539,False,73,0.2608695652173913,73
Cc1cc(Cc2nnc(CC(=O)N3CCCC3)[nH]2)cn1C,True,Cc1cc(Cc2nnc(CC(=O)N3CCCC3)[nH]2)cn1C,True,287.367,1.2073199999999995,66.81,1,3,4,3,2,21,0.5333333333333333,0.918776093105512,False,False,False,False,0,True,-2.9901803333333303,0.0010228681756252,0,True,True,0.9262879484820608,0.8261269549218031,1.0,0.9059740110395584,False,74,0.26865671641791045,74
CCc1nnc(NC(=O)C2CC(=O)N(C3CC3)C2)s1,True,CCc1nnc(NC(=O)C2CC(=O)N(C3CC3)C2)s1,True,280.35299999999995,1.0498999999999994,75.19,1,5,4,3,1,19,0.6666666666666666,0.8942054438599406,False,False,False,False,0,True,-2.544598371428572,0.002853656062979,0,True,True,0.8465961361545539,0.9284728610855566,1.0,0.9059337626494941,False,75,0.296875,75
CCC(=O)N1CCc2c(C(N)=O)cn(CC)c2C1C,True,CCC(=O)N1CCc2c(C(N)=O)cn(CC)c2C1C,True,263.341,1.4626,68.33,1,2,3,2,1,19,0.5714285714285714,0.8967172481296545,False,False,False,False,0,True,-2.5799922499999948,0.0026303149295371,0,True,True,0.8524609015639374,0.920883164673413,1.0,0.9059165133394664,False,76,0.23728813559322035,76
CCc1cc(C(=O)N2CCCC(C(N)=O)C2)sc1C,True,CCc1cc(C(=O)N2CCCC(C(N)=O)C2)sc1C,True,280.393,1.95642,63.4,1,3,3,2,1,19,0.5714285714285714,0.9195573582512588,False,False,False,False,0,True,-3.012470000000001,0.0009716950715764,0,True,True,0.9295078196872125,0.8207221711131555,1.0,0.9055312787488501,False,77,0.5714285714285714,77
COc1ccc(F)cc1NCC(=O)N1CCOCC1,True,COc1ccc(F)cc1NCC(=O)N1CCOCC1,True,268.28799999999995,1.1049999999999998,50.8,1,4,4,2,1,19,0.4615384615384615,0.888319116340471,False,False,False,False,0,True,-2.389046999999994,0.0040827519978749,0,True,True,0.8239420423183073,0.954231830726771,1.0,0.904755059797608,False,78,0.3125,78
COc1cc(CNC(=O)c2ccccn2)ccc1F,True,COc1cc(CNC(=O)c2ccccn2)ccc1F,True,260.26800000000003,2.1593,51.22,1,3,4,2,2,19,0.1428571428571428,0.916086296230018,False,False,False,False,0,True,-2.9680793333333257,0.0010762685918038,0,True,True,0.9189282428702852,0.8315317387304508,1.0,0.9045538178472861,False,79,0.35,79
Cc1nc(NC(=O)C2CCCN2C(=O)c2ccco2)no1,True,Cc1nc(NC(=O)C2CCCN2C(=O)c2ccco2)no1,True,290.279,1.2143199999999998,101.47,1,6,3,3,2,21,0.3846153846153846,0.9113779629215962,False,False,False,False,0,True,-2.88322533333333,0.001308502831228,0,True,True,0.9035188592456301,0.8509659613615456,1.0,0.9044215731370744,False,80,0.3484848484848485,80
Cc1nc(C)c(S(=O)(=O)NCc2cnoc2)cc1C,True,Cc1cc(S(=O)(=O)NCc2cnoc2)c(C)nc1C,True,281.33700000000005,1.4733600000000002,85.09,1,5,4,2,2,19,0.3333333333333333,0.9169656903196148,False,False,False,False,0,True,-2.9883639999999945,0.0010271550365249,0,True,True,0.921688132474701,0.8269319227230911,1.0,0.9041858325666974,False,81,0.22807017543859648,81
Cc1nn(C)c(C)c1C(=O)Nc1cnn(C(C)C)c1C,True,Cc1nn(C)c(C)c1C(=O)Nc1cnn(C(C)C)c1C,True,275.35600000000005,2.3750600000000004,64.74000000000001,1,3,3,2,2,20,0.5,0.934936276832685,False,False,False,False,0,True,-3.246271000000008,0.0005671905677281,0,True,True,0.9719411223551058,0.7621895124195032,1.0,0.9041398344066236,False,82,0.2857142857142857,82
CNC(=O)c1ccc(CC(=O)N2CCCCC2)cc1,True,CNC(=O)c1ccc(CC(=O)N2CCCCC2)cc1,True,260.33699999999993,1.6012,49.41,1,2,3,2,1,19,0.4666666666666667,0.8971388575714488,False,False,False,False,0,True,-2.6214589999999958,0.0023907876293612,0,True,True,0.8538408463661453,0.9131784728610856,1.0,0.9038408463661454,False,83,0.37735849056603776,83
O=C(Cn1nc2n(c1=O)CCCCC2)NC1CCCC1,True,O=C(Cn1nc2n(c1=O)CCCCC2)NC1CCCC1,True,278.356,0.8299999999999994,68.92,1,3,3,3,1,20,0.7857142857142857,0.8901094645161682,False,False,False,False,0,True,-2.468754000000003,0.0033981770304313,0,True,True,0.8318767249310027,0.9403173873045079,1.0,0.903455611775529,False,84,0.25806451612903225,84
O=C(c1cnns1)N(CC(N)=O)c1ccccc1Cl,True,NC(=O)CN(C(=O)c1cnns1)c1ccccc1Cl,True,296.73900000000003,1.3236,89.18,1,5,4,2,2,19,0.0909090909090909,0.9212953101437764,False,False,False,False,0,True,-3.069876999999992,0.0008513791299258,0,True,True,0.9356025758969642,0.8065777368905244,1.0,0.9033233670653174,False,85,0.2698412698412698,85
CCCNC(=O)C1CCCN(C(=O)c2cnc(C)cn2)C1,True,CCCNC(=O)C1CCCN(C(=O)c2cnc(C)cn2)C1,True,290.367,1.1634199999999997,75.19,1,4,4,2,1,21,0.6,0.9027335969001892,False,False,False,False,0,True,-2.7229407666666616,0.001892601732596,0,True,True,0.8710901563937442,0.8893744250229991,1.0,0.9032716191352346,False,86,0.3870967741935484,86
Cc1cccc2c(CC(=O)CNC(=O)OC)ccn12,True,COC(=O)NCC(=O)Cc1ccn2c(C)cccc12,True,260.293,1.7153199999999995,59.81,1,3,4,2,2,19,0.2857142857142857,0.9100926274643316,False,False,False,False,0,True,-2.870083999999993,0.0013487019952692,0,True,True,0.8979990800367985,0.8540708371665133,1.0,0.9030243790248389,False,87,0.23809523809523808,87
CCN1CCN(C(=O)Cc2c(F)cccc2F)CC(CO)C1,True,CCN1CCN(C(=O)Cc2c(F)cccc2F)CC(CO)C1,True,312.36000000000007,1.2798999999999996,43.78,1,3,4,2,1,22,0.5625,0.910743537372538,False,False,False,False,0,True,-2.890168333333335,0.0012877503205748,0,True,True,0.9007589696412144,0.8497010119595216,1.0,0.9027368905243791,False,88,0.3230769230769231,88
COCc1nccc2c1CCNC2(C#N)CC(F)(F)F,True,COCc1nccc2c1CCNC2(C#N)CC(F)(F)F,True,285.26899999999995,2.04498,57.94,1,4,3,2,1,20,0.5384615384615384,0.9230603813409284,False,False,False,False,0,True,-3.1048630000000057,0.0007854833795298,0,True,True,0.9412373505059798,0.797608095676173,1.0,0.9027196412143514,False,89,0.15384615384615385,89
COc1ccc(NC(=O)C2CCN(S(C)(=O)=O)CC2)cc1,True,COc1ccc(NC(=O)C2CCN(S(C)(=O)=O)CC2)cc1,True,312.3910000000001,1.3052999999999997,75.71000000000001,1,4,4,2,1,21,0.5,0.909187371661338,False,False,False,False,0,True,-2.8610975333333304,0.0013769002115725,0,True,True,0.8946642134314627,0.8566007359705612,1.0,0.9024091536338545,False,90,0.5098039215686274,90
Cc1cc(=O)n(CC(=O)NC2CCCCC2C)cc1,True,Cc1ccn(CC(=O)NC2CCCCC2C)c(=O)c1,True,262.35299999999995,1.85162,51.1,1,2,3,2,1,19,0.6,0.9035142894530728,False,False,False,False,0,True,-2.7577143333333294,0.0017469708832747,0,True,True,0.8739650413983441,0.8818997240110396,1.0,0.9019491720331188,False,91,0.3064516129032258,91
CCn1cc(C(=O)Nc2ccc(F)cc2F)ccc1=O,True,CCn1cc(C(=O)Nc2ccc(F)cc2F)ccc1=O,True,278.25800000000004,2.3987,51.1,1,2,3,2,2,20,0.1428571428571428,0.9368952011590908,False,False,False,False,0,True,-3.2844393333333306,0.0005194702333201,0,True,True,0.9759659613615456,0.750344986200552,1.0,0.9018054277828886,False,92,0.36666666666666664,92
NC(=O)C1CCN(C(=O)Cc2cccc(F)c2)CC1,True,NC(=O)C1CCN(C(=O)Cc2cccc(F)c2)CC1,True,264.3,1.0920999999999996,63.400000000000006,1,2,3,2,1,19,0.4285714285714285,0.8879434327761002,False,False,False,False,0,True,-2.433214738095232,0.0036879520168368,0,True,True,0.8218721251149954,0.9471021159153634,1.0,0.9013281968721252,False,93,0.4716981132075472,93
CC(CO)c1ccccc1C(=O)N1CCn2c(nnc2C)C1,True,Cc1nnc2n1CCN(C(=O)c1ccccc1C(C)CO)C2,True,300.3620000000001,1.3383200000000002,71.25,1,4,3,3,2,22,0.4375,0.92827207755294,False,False,False,False,0,True,-3.2008326666666664,0.0006297487778431,0,True,True,0.9552667893284269,0.7741490340386384,1.0,0.9008222171113156,False,94,0.21621621621621623,94
Cc1ccc(C)c(S(=O)(=O)N(C)C(C#N)C(C)CO)c1,True,Cc1ccc(C)c(S(=O)(=O)N(C)C(C#N)C(C)CO)c1,True,296.39200000000005,1.44452,81.4,1,4,5,1,1,20,0.5,0.8912283369717499,False,False,False,False,0,True,-2.561760999999999,0.0027430833243154,0,True,True,0.8371665133394665,0.9253679852805887,1.0,0.9006037258509658,False,95,0.22580645161290322,95
Oc1csc(CN2CCN(c3cncnc3)CC2)c1,True,Oc1csc(CN2CCN(c3cncnc3)CC2)c1,True,276.365,1.5659,52.49,1,6,3,3,2,19,0.3846153846153846,0.9218842990186826,False,False,False,False,0,True,-3.108999999999996,0.0007780365510398,0,True,True,0.937557497700092,0.796113155473781,1.0,0.9005404783808648,False,96,0.15492957746478872,96
CC1(C)COC(c2cccc(OCC(N)=O)c2)C1=O,True,CC1(C)COC(c2cccc(OCC(N)=O)c2)C1=O,True,263.29299999999995,1.2173,78.62,1,4,4,2,1,19,0.4285714285714285,0.8854019643409109,False,False,False,False,0,True,-2.363105449999989,0.0043340563143032,0,True,True,0.8112925482980681,0.9581416743330267,1.0,0.9004312327506898,False,97,0.21428571428571427,97
CS(=O)(=O)NCCc1cc(Cl)ccc1Cl,True,CS(=O)(=O)NCCc1cc(Cl)ccc1Cl,True,268.165,2.0851,46.17,1,2,4,1,1,15,0.3333333333333333,0.9083479346066038,False,False,False,False,0,True,-2.8682053999999946,0.0013545486257352,0,True,True,0.891674333026679,0.8546458141674333,1.0,0.9003794848206073,False,98,0.24,98
NS(=O)(=O)N1CCCC1c1ccc(-n2cccn2)c(F)c1,True,NS(=O)(=O)N1CCCC1c1ccc(-n2cccn2)c(F)c1,True,310.35400000000004,1.3518000000000003,81.22000000000001,1,3,3,3,2,21,0.3076923076923077,0.9288983831391664,False,False,False,False,0,True,-3.2133656666666632,0.0006118350227849,0,True,True,0.9567617295308187,0.7702391904323828,1.0,0.9001264949402024,False,99,0.2535211267605634,99
N#Cc1cccc(S(=O)(=O)NC2(C#N)c3ncccc3C2)c1,True,N#Cc1cccc(S(=O)(=O)NC2(C#N)Cc3cccnc32)c1,True,310.338,1.20676,106.64,1,5,3,3,2,22,0.1333333333333333,0.9165376986974656,False,False,False,False,0,True,-3.029999333333332,0.0009332557333963,0,True,True,0.9203081876724931,0.8163523459061638,1.0,0.8998620055197792,False,100,0.19444444444444445,100
