generated_smiles,valid,canonical_smiles,novel_vs_training,desc_mol_weight,desc_logp,desc_tpsa,desc_hbd,desc_hba,desc_rotatable_bonds,desc_ring_count,desc_aromatic_ring_count,desc_heavy_atom_count,desc_fraction_csp3,qed,lipinski_mw_violation,lipinski_logp_violation,lipinski_hbd_violation,lipinski_hba_violation,lipinski_violations,lipinski_compliant,predicted_logS,predicted_solubility_mol_L,n_descriptors_outside_esol_range,inside_esol_descriptor_range,basic_candidate
CCCC1CN(C(=O)c2nc3ccc(F)cc3[nH]2)CC(C)O1,True,CCCC1CN(C(=O)c2nc3ccc(F)cc3[nH]2)CC(C)O1,True,305.35300000000007,2.731600000000001,58.22,1,3,3,3,2,22,0.5,0.9483018776989284,False,False,False,False,0,True,-4.036712942857142,9.189397906397057e-05,0,True,True
O=C(NC1CC1)C1CCN(c2nc3ccccc3s2)CC1,True,O=C(NC1CC1)C1CCN(c2nc3ccccc3s2)CC1,True,301.4150000000001,2.7913000000000014,45.230000000000004,1,4,3,4,2,21,0.5,0.9479300989017617,False,False,False,False,0,True,-4.119305000000005,7.597924960311125e-05,0,True,True
COc1cc(C2(C(=O)N3CCc4ccccc43)CC2)ccc1O,True,COc1cc(C2(C(=O)N3CCc4ccccc43)CC2)ccc1O,True,309.365,3.0217000000000023,49.769999999999996,1,3,3,4,2,23,0.3157894736842105,0.9479150987147357,False,False,False,False,0,True,-4.018473107142868,9.583560588393621e-05,0,True,True
Cc1noc(C)c1CN(C)C(=O)c1cc(C(F)(F)F)c[nH]1,True,Cc1noc(C)c1CN(C)C(=O)c1cc(C(F)(F)F)c[nH]1,True,301.268,2.910540000000001,62.13,1,3,3,2,2,21,0.38461538461538464,0.9478297409145482,False,False,False,False,0,True,-4.259575942857151,5.500777228192306e-05,0,True,True
O=c1ccc(C2CCCCCN2Cc2ccc(F)cc2)n[nH]1,True,O=c1ccc(C2CCCCCN2Cc2ccc(F)cc2)n[nH]1,True,301.36499999999995,3.026300000000001,48.99,1,3,3,3,2,22,0.4117647058823529,0.9477400130182164,False,False,False,False,0,True,-4.118478000000014,7.612407001017347e-05,0,True,True
O=C(c1cccc(Cl)c1)N1CCCC(Cc2nc[nH]n2)C1,True,O=C(c1cccc(Cl)c1)N1CCCC(Cc2nc[nH]n2)C1,True,304.781,2.553,61.88,1,3,3,3,2,21,0.4,0.9476626257269873,False,False,False,False,0,True,-4.033521942857146,9.257166118336143e-05,0,True,True
O=C(Nc1nccs1)c1cccc(C(=O)N2CCCC2)c1,True,O=C(Nc1nccs1)c1cccc(C(=O)N2CCCC2)c1,True,301.3710000000001,2.631400000000001,62.300000000000004,1,4,3,3,2,21,0.26666666666666666,0.9476530735557471,False,False,False,False,0,True,-4.057739942857148,8.755078756508594e-05,0,True,True
Cc1cc(CNC(=O)C2COc3ccccc3N2C)ccc1C,True,Cc1ccc(CNC(=O)C2COc3ccccc3N2C)cc1C,True,310.3970000000001,2.8170400000000013,41.57,1,3,3,3,2,23,0.3157894736842105,0.9476418531234481,False,False,False,False,0,True,-4.114863107142862,7.676034055466729e-05,0,True,True
Cc1ccc(S(=O)(=O)NC2CCCc3ccc(F)cc32)o1,True,Cc1ccc(S(=O)(=O)NC2CCCc3ccc(F)cc32)o1,True,309.362,3.083020000000002,59.31,1,3,3,3,2,21,0.3333333333333333,0.9475765677814707,False,False,False,False,0,True,-4.213458050000013,6.117048867831667e-05,0,True,True
CC(C)NC(=O)c1ccc(-n2cccn2)cc1Br,True,CC(C)NC(=O)c1ccc(-n2cccn2)cc1Br,True,308.179,2.7730000000000015,46.92,1,2,3,2,2,18,0.23076923076923078,0.9475455263994917,False,False,False,False,0,True,-3.793013999999998,0.00016105937149343223,0,True,True
CS(=O)(=O)c1ccc(NC(=O)c2cc(F)ccc2F)cc1,True,CS(=O)(=O)c1ccc(NC(=O)c2cc(F)ccc2F)cc1,True,311.309,2.6206000000000014,63.24,1,3,3,2,2,21,0.07142857142857142,0.9475002959942072,False,False,False,False,0,True,-3.9117318000000028,0.00012253726986323062,0,True,True
CCn1ncc(NC(=O)N2CCN(c3ccccc3)CC2)c1C,True,CCn1ncc(NC(=O)N2CCN(c3ccccc3)CC2)c1C,True,313.4050000000001,2.5655200000000002,53.400000000000006,1,3,3,3,2,23,0.4117647058823529,0.9473185272292947,False,False,False,False,0,True,-3.975593249999997,0.0001057807763295355,0,True,True
Cc1nc(CC(=O)NC2(C)Cc3ccc(F)cc3C2)cs1,True,Cc1nc(CC(=O)NC2(C)Cc3ccc(F)cc3C2)cs1,True,304.39,2.806820000000001,41.99,1,3,3,3,2,21,0.375,0.9471985375695722,False,False,False,False,0,True,-4.109177857142863,7.777179860284786e-05,0,True,True
Cc1cnn(CC2CCN(C(=O)c3ccc(O)cc3)CC2)c1,True,Cc1cnn(CC2CCN(C(=O)c3ccc(O)cc3)CC2)c1,True,299.3740000000001,2.4495200000000006,58.36,1,3,3,3,2,22,0.4117647058823529,0.946800380200357,False,False,False,False,0,True,-3.9656760000000015,0.0001082241042678029,0,True,True
FC(F)(F)c1nccn1CC1CCCN1C(=O)c1ccc[nH]1,True,O=C(c1ccc[nH]1)N1CCCC1Cn1ccnc1C(F)(F)F,True,312.29499999999996,2.5348000000000006,53.92,1,2,3,3,2,22,0.42857142857142855,0.9466921029253077,False,False,False,False,0,True,-3.924573999999998,0.00011896686027130498,0,True,True
Cc1ccc(C#N)cc1NCC(=O)N1CCCc2ccccc21,True,Cc1ccc(C#N)cc1NCC(=O)N1CCCc2ccccc21,True,305.381,3.258000000000002,56.13,1,3,3,3,2,23,0.2631578947368421,0.946673233861185,False,False,False,False,0,True,-4.217263523809535,6.0636828215506586e-05,0,True,True
CCN1CCN(C(=O)c2cccs2)C1(O)c1ccccc1C,True,CCN1CCN(C(=O)c2cccs2)C1(O)c1ccccc1C,True,316.4260000000001,2.6370200000000006,43.78,1,4,3,3,2,22,0.35294117647058826,0.9465414299481708,False,False,False,False,0,True,-4.022400250000001,9.497291106542393e-05,0,True,True
Cc1cccc(N2CC(CO)N(c3ccc(F)cc3)C2=O)n1,True,Cc1cccc(N2CC(CO)N(c3ccc(F)cc3)C2=O)n1,True,301.321,2.33662,56.67,1,3,3,3,2,22,0.25,0.9464138832806993,False,False,False,False,0,True,-3.8218689999999946,0.00015070615856509122,0,True,True
Cc1ccc(CNC(=O)c2snc(C(F)(F)F)c2C)o1,True,Cc1ccc(CNC(=O)c2snc(C(F)(F)F)c2C)o1,True,304.29300000000006,3.3017400000000015,55.13,1,4,3,2,2,20,0.3333333333333333,0.946272059089573,False,False,False,False,0,True,-4.522943809523819,2.9995505857941666e-05,0,True,True
COc1cc2c(cc1-c1c(C#N)ccn1C)NC(=O)C2CC,True,CCC1C(=O)Nc2cc(-c3c(C#N)ccn3C)c(OC)cc21,True,295.34200000000004,3.018080000000001,67.05,1,3,3,3,2,22,0.29411764705882354,0.9460976007368849,False,False,False,False,0,True,-4.176267033333348,6.663968977751787e-05,0,True,True
CNC(=O)c1cc(C(=O)N(C)c2ccc(C)c(C)c2)ccc1C,True,CNC(=O)c1cc(C(=O)N(C)c2ccc(C)c(C)c2)ccc1C,True,310.397,3.2480600000000024,49.410000000000004,1,2,3,2,2,23,0.2631578947368421,0.9458269322920465,False,False,False,False,0,True,-4.365069000000004,4.3145052322558654e-05,0,True,True
Cc1cc(-c2nnc3n2CCS3)c(C(=O)NC2CC2)cc1C,True,Cc1cc(C(=O)NC2CC2)c(-c2nnc3n2CCS3)cc1C,True,314.414,2.5598400000000003,59.81,1,4,3,4,2,22,0.4375,0.9456873141189771,False,False,False,False,0,True,-4.028379050000006,9.367440646068667e-05,0,True,True
O=C(Cn1cc(Br)cn1)Nc1ccccc1F,True,O=C(Cn1cc(Br)cn1)Nc1ccccc1F,True,298.115,2.423400000000001,46.92,1,2,3,2,2,17,0.09090909090909091,0.9456853081626881,False,False,False,False,0,True,-3.2920289999999963,0.0005104709121586473,0,True,True
O=C1CCc2cc(C(=O)Nc3nnc(C4CC4)s3)ccc21,True,O=C(Nc1nnc(C2CC2)s1)c1ccc2c(c1)CCC2=O,True,299.3550000000001,2.7967000000000013,71.95,1,5,3,4,2,21,0.3333333333333333,0.9456030984752001,False,False,False,False,0,True,-4.035866857142866,9.207317997765534e-05,0,True,True
CS(=O)(=O)c1cc(C(=O)Nc2cccc(Cl)c2)cn1C,True,Cn1cc(C(=O)Nc2cccc(Cl)c2)cc1S(C)(=O)=O,True,312.7780000000001,2.3343,68.17,1,3,3,2,2,20,0.15384615384615385,0.9454901567437297,False,False,False,False,0,True,-3.5009780000000026,0.0003155164450088245,0,True,True
O=S(=O)(Nc1ccccc1)c1ccccc1Br,True,O=S(=O)(Nc1ccccc1)c1ccccc1Br,True,312.188,3.249900000000002,46.17,1,2,3,2,2,17,0.0,0.945444190274055,False,False,False,False,0,True,-4.283336000000007,5.207916350709054e-05,0,True,True
Cc1c(Cl)cccc1S(=O)(=O)Nc1cccc(C#N)c1,True,Cc1c(Cl)cccc1S(=O)(=O)Nc1cccc(C#N)c1,True,306.77400000000006,3.320900000000001,69.96000000000001,1,3,3,2,2,20,0.07142857142857142,0.9453044724719546,False,False,False,False,0,True,-4.31284200000001,4.865841969339431e-05,0,True,True
CCNC(=O)c1cnn(-c2cccc(Cl)c2Cl)c1C,True,CCNC(=O)c1cnn(-c2cccc(Cl)c2Cl)c1C,True,298.17300000000006,3.2372200000000015,46.92,1,2,3,2,2,19,0.23076923076923078,0.9452802088250993,False,False,False,False,0,True,-4.4342918333333365,3.6788168471224704e-05,0,True,True
O=C(NCc1cscn1)N1CCOCC1c1cccc(F)c1,True,O=C(NCc1cscn1)N1CCOCC1c1cccc(F)c1,True,321.37699999999995,2.5653000000000006,54.46000000000001,1,4,3,3,2,22,0.3333333333333333,0.9451391241764826,False,False,False,False,0,True,-4.007037250000002,9.839267094740152e-05,0,True,True
O=C1Nc2ccccc2S(=O)(=O)N1CCc1cccc(F)c1,True,O=C1Nc2ccccc2S(=O)(=O)N1CCc1cccc(F)c1,True,320.34499999999997,2.6046000000000005,66.48,1,3,3,3,2,22,0.13333333333333333,0.9451043338101471,False,False,False,False,0,True,-3.899699800000001,0.00012597959272478263,0,True,True
O=C(NCc1ccccc1)N1CCCC(c2ccncc2)C1,True,O=C(NCc1ccccc1)N1CCCC(c2ccncc2)C1,True,295.386,3.1708000000000016,45.230000000000004,1,2,3,3,2,22,0.3333333333333333,0.9450131919245712,False,False,False,False,0,True,-4.513863357142868,3.062926976348043e-05,0,True,True
O=C(Nc1ccc(F)cc1F)c1ccc(N2CCCCC2)nn1,True,O=C(Nc1ccc(F)cc1F)c1ccc(N2CCCCC2)nn1,True,318.32700000000006,2.9974000000000016,58.120000000000005,1,4,3,3,2,23,0.3125,0.9449918679935227,False,False,False,False,0,True,-4.164298240476205,6.850176467823644e-05,0,True,True
NC(=O)CC1CCCN(C(=O)c2cc3ccc(F)cc3s2)C1,True,NC(=O)CC1CCCN(C(=O)c2cc3ccc(F)cc3s2)C1,True,320.38900000000007,2.7680000000000007,63.400000000000006,1,3,3,3,2,22,0.375,0.9449326556277092,False,False,False,False,0,True,-4.16170605,6.891185649086713e-05,0,True,True
CC(=O)C(C#N)c1ccc(Cl)c(-c2csc(=O)[nH]2)c1,True,CC(=O)C(C#N)c1ccc(Cl)c(-c2csc(=O)[nH]2)c1,True,292.747,2.952980000000001,73.72,1,4,3,2,2,19,0.15384615384615385,0.9448968750050963,False,False,False,False,0,True,-4.10556483333334,7.842150391759019e-05,0,True,True
O=C(CN1C(=O)COc2ccc(F)cc21)Nc1cccc(F)c1,True,O=C(CN1C(=O)COc2ccc(F)cc21)Nc1cccc(F)c1,True,318.279,2.3289,58.64,1,3,3,3,2,23,0.125,0.9447670893242952,False,False,False,False,0,True,-3.9077579999999976,0.00012366363269021303,0,True,True
O=C(NCC1CCOc2ccccc21)C1(c2ccccn2)CC1,True,O=C(NCC1CCOc2ccccc21)C1(c2ccccn2)CC1,True,308.3810000000001,2.795700000000001,51.22,1,3,4,4,2,23,0.3684210526315789,0.9446892409112427,False,False,False,False,0,True,-4.027983107142855,9.375984762105256e-05,0,True,True
O=C(Nc1ncccn1)c1cc(F)ccc1N1CCCCCC1,True,O=C(Nc1ncccn1)c1cc(F)ccc1N1CCCCCC1,True,314.3640000000002,3.248400000000002,58.120000000000005,1,4,3,3,2,23,0.35294117647058826,0.9445966791017846,False,False,False,False,0,True,-4.362590573809538,4.339197585479572e-05,0,True,True
CC1CCCCN1C(=O)Nc1ccnn1Cc1cccs1,True,CC1CCCCN1C(=O)Nc1ccnn1Cc1cccs1,True,304.41900000000004,3.3992000000000013,50.160000000000004,1,3,3,3,2,21,0.4666666666666667,0.944549707489514,False,False,False,False,0,True,-4.443185533333342,3.6042463445722294e-05,0,True,True
CN(Cc1ccco1)C(=O)NC1CCc2c(F)cc(F)cc21,True,CN(Cc1ccco1)C(=O)NC1CCc2c(F)cc(F)cc21,True,306.31199999999995,3.386700000000002,45.480000000000004,1,2,3,3,2,22,0.3125,0.9445254784928532,False,False,False,False,0,True,-4.521023723809533,3.0128414399426714e-05,0,True,True
CCn1nc(C(C)(C)C)cc1C(=O)Nc1ccc2c(c1)OCO2,True,CCn1nc(C(C)(C)C)cc1C(=O)Nc1ccc2c(c1)OCO2,True,315.3730000000001,3.1815000000000007,65.38000000000001,1,4,3,3,2,23,0.4117647058823529,0.9444971332290651,False,False,False,False,0,True,-4.27194507380954,5.3463197121759446e-05,0,True,True
Cc1cc(NC(=O)CS(=O)(=O)c2ccccc2)c(C)s1,True,Cc1cc(NC(=O)CS(=O)(=O)c2ccccc2)c(C)s1,True,309.41200000000003,2.7773400000000015,63.24,1,4,4,2,2,20,0.21428571428571427,0.9442991045791483,False,False,False,False,0,True,-4.121341800000005,7.562374840148284e-05,0,True,True
CC(C)c1nc(C2CCCN2C(=O)c2ccc(C#N)cc2)[nH]n1,True,CC(C)c1n[nH]c(C2CCCN2C(=O)c2ccc(C#N)cc2)n1,True,309.373,2.7770800000000015,85.67,1,4,3,3,2,23,0.4117647058823529,0.9442660443340779,False,False,False,False,0,True,-4.069734250000004,8.516590191527698e-05,0,True,True
Cc1cccc(NS(=O)(=O)c2c(C)nn(CC)c2C)c1C,True,CCn1nc(C)c(S(=O)(=O)Nc2cccc(C)c2C)c1C,True,307.4190000000001,2.9374800000000016,63.99,1,3,4,2,2,21,0.4,0.9442535906548225,False,False,False,False,0,True,-4.242301383333342,5.723986709028535e-05,0,True,True
Cc1ccc(C(=O)Nc2nnc(C3CCCCO3)s2)cc1,True,Cc1ccc(C(=O)Nc2nnc(C3CCCCO3)s2)cc1,True,303.38699999999994,3.3404200000000017,64.11,1,5,3,3,2,21,0.4,0.9442137892642155,False,False,False,False,0,True,-4.429431523809537,3.720218740658029e-05,0,True,True
Cc1cc(CN(C)C(=O)NC(C)c2cccnn2)sc1C,True,Cc1cc(CN(C)C(=O)NC(C)c2cccnn2)sc1C,True,304.4190000000001,3.0575400000000013,58.120000000000005,1,4,4,2,2,21,0.4,0.9441574317331913,False,False,False,False,0,True,-4.281873800000007,5.225480122006011e-05,0,True,True
O=C(NC1CCc2cccnc21)c1ccc(OC(F)F)cc1,True,O=C(NC1CCc2cccnc21)c1ccc(OC(F)F)cc1,True,304.296,3.1003000000000016,51.22,1,3,4,3,2,22,0.25,0.9440295210061107,False,False,False,False,0,True,-4.080481857142868,8.308414267700104e-05,0,True,True
COc1ccc(-c2cc(CCO)nn2C)cc1C(F)(F)F,True,COc1ccc(-c2cc(CCO)nn2C)cc1C(F)(F)F,True,300.28,2.649300000000001,47.28,1,3,4,2,2,21,0.35714285714285715,0.9440225976423191,False,False,False,False,0,True,-4.000550333333334,9.98733613215858e-05,0,True,True
O=C(Nc1ccccc1N1CCOCC1)Oc1cccc(F)c1,True,O=C(Nc1ccccc1N1CCOCC1)Oc1cccc(F)c1,True,316.33199999999994,3.273200000000002,50.80000000000001,1,4,3,3,2,23,0.23529411764705882,0.9440147371338133,False,False,False,False,0,True,-4.327150690476204,4.708139361418076e-05,0,True,True
O=C(CN1CCc2ccccc21)Nc1ccc(Cl)cn1,True,O=C(CN1CCc2ccccc21)Nc1ccc(Cl)cn1,True,287.75000000000006,2.7362,45.230000000000004,1,3,3,3,2,20,0.2,0.943998843090776,False,False,False,False,0,True,-4.082260166666669,8.27446328615232e-05,0,True,True
CCS(=O)(=O)c1ccc(C(=O)Nc2ccccc2C)cc1,True,CCS(=O)(=O)c1ccc(C(=O)Nc2ccccc2C)cc1,True,303.38300000000004,3.0409200000000016,63.24,1,3,4,2,2,21,0.1875,0.9439317391619763,False,False,False,False,0,True,-4.135579800000009,7.318468367030728e-05,0,True,True
Cc1ccc(CC(=O)Nc2nccs2)cc1Br,True,Cc1ccc(CC(=O)Nc2nccs2)cc1Br,True,311.20400000000006,3.395220000000002,41.99,1,3,3,2,2,17,0.16666666666666666,0.9438086122842345,False,False,False,False,0,True,-4.405416000000008,3.931732840087789e-05,0,True,True
CC(C)C(NC(=O)c1cn(-c2ccccc2)nn1)C(C)(C)C,True,CC(C)C(NC(=O)c1cn(-c2ccccc2)nn1)C(C)(C)C,True,300.40600000000006,3.067800000000002,59.81,1,3,4,2,2,22,0.47058823529411764,0.9436917420390508,False,False,False,False,0,True,-4.195266800000009,6.378715023887237e-05,0,True,True
Cc1cc(C(F)(F)F)nn1CC(=O)NCc1ccccc1C,True,Cc1ccccc1CNC(=O)Cn1nc(C(F)(F)F)cc1C,True,311.307,2.8351400000000018,46.92,1,2,4,2,2,22,0.3333333333333333,0.9435984690188011,False,False,False,False,0,True,-4.187370000000004,6.495760440124693e-05,0,True,True
Cc1ccccc1-c1csc(CN2CCCC(C(N)=O)C2)n1,True,Cc1ccccc1-c1csc(CN2CCCC(C(N)=O)C2)n1,True,315.442,2.8158200000000004,59.22,1,4,4,3,2,22,0.4117647058823529,0.9435774409577435,False,False,False,False,0,True,-4.190830907142862,6.444201220970077e-05,0,True,True
COC(C(O)c1cccc2ccccc12)C(=O)N1CCCC1,True,COC(C(=O)N1CCCC1)C(O)c1cccc2ccccc12,True,299.37000000000006,2.5106,49.769999999999996,1,3,4,3,2,22,0.3888888888888889,0.9434844914279754,False,False,False,False,0,True,-3.8687583333333286,0.0001352825144245862,0,True,True
Cc1c(C(=O)N2CCCC(O)C2)c(C)n(Cc2ccsc2)n1,True,Cc1nn(Cc2ccsc2)c(C)c1C(=O)N1CCCC(O)C1,True,319.43000000000006,2.20664,58.36,1,4,3,3,2,22,0.5,0.9434270716525053,False,False,False,False,0,True,-3.9000322500000038,0.0001258831929517034,0,True,True
CNc1snc(-c2ccc(F)cc2)c1C(=O)N1CCOCC1,True,CNc1snc(-c2ccc(F)cc2)c1C(=O)N1CCOCC1,True,321.3770000000002,2.4633000000000003,54.46000000000001,1,5,3,3,2,22,0.3333333333333333,0.9434148431930512,False,False,False,False,0,True,-3.8943752499999995,0.00012753363845098393,0,True,True
CC(NC(=O)c1ccc(F)cc1)c1ccc(S(C)=O)cc1,True,CC(NC(=O)c1ccc(F)cc1)c1ccc(S(C)=O)cc1,True,305.374,3.054100000000002,46.17,1,2,4,2,2,21,0.1875,0.9434113564922655,False,False,False,False,0,True,-4.090804000000006,8.113271325947958e-05,0,True,True
Cc1cc(C)c(NC(=O)CCc2ccc(=O)n(C)c2)c(C)c1,True,Cc1cc(C)c(NC(=O)CCc2ccc(=O)n(C)c2)c(C)c1,True,298.386,2.8818600000000014,51.1,1,2,4,2,2,22,0.3333333333333333,0.9433126926252886,False,False,False,False,0,True,-4.18554106666667,6.523173552824051e-05,0,True,True
NC(=O)c1cnc(COc2ccccc2Br)s1,True,NC(=O)c1cnc(COc2ccccc2Br)s1,True,313.17600000000004,2.583500000000001,65.21000000000001,1,4,4,2,2,17,0.09090909090909091,0.9432997679331852,False,False,False,False,0,True,-3.483930000000001,0.0003281481800883608,0,True,True
O=C(Nc1ccc(CN2CCOCC2)cc1)c1ccccc1F,True,O=C(Nc1ccc(CN2CCOCC2)cc1)c1ccccc1F,True,314.35999999999996,2.9102000000000015,41.57000000000001,1,3,4,3,2,23,0.2777777777777778,0.9432840494800113,False,False,False,False,0,True,-4.03885910714286,9.144098441791938e-05,0,True,True
CC(C)(C)c1ccc(CC(=O)Nc2nncn2C2CC2)cc1,True,CC(C)(C)c1ccc(CC(=O)Nc2nncn2C2CC2)cc1,True,298.3900000000001,3.0917000000000012,59.81,1,3,4,3,2,22,0.47058823529411764,0.9432515770585421,False,False,False,False,0,True,-4.1632927238095325,6.86605497161539e-05,0,True,True
Cc1ccc(Cn2cc(C(=O)NC3CCCC3)cn2)cc1F,True,Cc1ccc(Cn2cc(C(=O)NC3CCCC3)cn2)cc1F,True,301.365,3.0513200000000014,46.92,1,2,4,3,2,22,0.4117647058823529,0.9431998910669124,False,False,False,False,0,True,-4.092046857142864,8.090086084607135e-05,0,True,True
Cc1nn(C)c(C)c1CC(=O)NC(C)c1ccccc1Cl,True,Cc1nn(C)c(C)c1CC(=O)NC(C)c1ccccc1Cl,True,305.8090000000001,3.110240000000002,46.92,1,2,4,2,2,21,0.375,0.9431969444096119,False,False,False,False,0,True,-4.224476000000005,5.963812761707644e-05,0,True,True
O=S(=O)(NC1c2ccccc2CC1C)c1ccccc1,True,CC1Cc2ccccc2C1NS(=O)(=O)c1ccccc1,True,287.384,2.8984000000000005,46.17,1,2,3,3,2,20,0.25,0.9431959562444414,False,False,False,False,0,True,-4.130131166666673,7.410863828011037e-05,0,True,True
CNC(=O)c1cc(C(=O)N(C)Cc2cccc(F)c2)ccc1C,True,CNC(=O)c1cc(C(=O)N(C)Cc2cccc(F)c2)ccc1C,True,314.36,2.7659200000000013,49.410000000000004,1,2,4,2,2,23,0.2222222222222222,0.9431820952854548,False,False,False,False,0,True,-4.081887999999996,8.281557088624988e-05,0,True,True
CC(C)N1CCc2ccc(C(=O)NCc3cccnc3)cc21,True,CC(C)N1CCc2ccc(C(=O)NCc3cccnc3)cc21,True,295.386,2.7825000000000015,45.230000000000004,1,3,4,3,2,22,0.3333333333333333,0.9431116223598341,False,False,False,False,0,True,-4.176726857142856,6.656917011603621e-05,0,True,True
CC(C(=O)Nc1ccncc1)c1nc2c(s1)CCCC2,True,CC(C(=O)Nc1ccncc1)c1nc2c(s1)CCCC2,True,287.3880000000001,3.1591000000000014,54.88,1,4,3,3,2,20,0.4,0.9430990298472017,False,False,False,False,0,True,-4.499867876190491,3.163239854600438e-05,0,True,True
N#Cc1cccc(NC(=O)CCN2C(=O)c3ccccc3C2)c1,True,N#Cc1cccc(NC(=O)CCN2Cc3ccccc3C2=O)c1,True,305.33700000000005,2.5428800000000003,73.2,1,3,4,3,2,23,0.16666666666666666,0.9430628385675259,False,False,False,False,0,True,-3.898614999999999,0.0001262946634685214,0,True,True
Cc1cccc(C(=O)Nc2nnc(CC3CCCO3)s2)c1,True,Cc1cccc(C(=O)Nc2nnc(CC3CCCO3)s2)c1,True,303.387,2.8203200000000015,64.11,1,5,4,3,2,21,0.4,0.943040357755404,False,False,False,False,0,True,-4.11607285714286,7.654681813723719e-05,0,True,True
CC(NC(=O)C(C)N1CCc2ccncc21)c1ccccc1,True,CC(NC(=O)C(C)N1CCc2ccncc21)c1ccccc1,True,295.386,2.710000000000001,45.230000000000004,1,3,4,3,2,22,0.3333333333333333,0.9430361991289469,False,False,False,False,0,True,-4.101325999999996,7.919066683274e-05,0,True,True
CCc1c(C(=O)N(C)CC(=O)NC(C)(C)C)oc2ccccc12,True,CCc1c(C(=O)N(C)CC(=O)NC(C)(C)C)oc2ccccc12,True,316.401,2.9819000000000013,62.550000000000004,1,3,4,2,2,23,0.4444444444444444,0.94295987755679,False,False,False,False,0,True,-4.174500383333338,6.69113229447702e-05,0,True,True
Cc1ccc(S(=O)(=O)NCc2ccc(F)c(F)c2)cc1,True,Cc1ccc(S(=O)(=O)NCc2ccc(F)c(F)c2)cc1,True,297.326,2.7517200000000015,46.17,1,2,4,2,2,20,0.14285714285714285,0.9429308176592737,False,False,False,False,0,True,-3.8685989999999983,0.0001353321557840387,0,True,True
COc1cccc(C(=O)NCC2Cc3ncccc3C2)c1F,True,COc1cccc(C(=O)NCC2Cc3cccnc3C2)c1F,True,300.333,2.3741000000000003,51.22,1,3,4,3,2,22,0.29411764705882354,0.9429036955050363,False,False,False,False,0,True,-3.837672999999992,0.0001453205389965929,0,True,True
Cc1ccc(NC(=O)COc2ccc3c(c2)OCCO3)cc1,True,Cc1ccc(NC(=O)COc2ccc3c(c2)OCCO3)cc1,True,299.326,2.7837200000000006,56.790000000000006,1,4,4,3,2,22,0.23529411764705882,0.9428944181286398,False,False,False,False,0,True,-4.218209390476194,6.05049086421339e-05,0,True,True
Cc1ccsc1C(=O)NCC1CCN(c2cccnc2)CC1,True,Cc1ccsc1C(=O)NCC1CCN(c2cccnc2)CC1,True,315.44200000000006,3.097920000000001,45.230000000000004,1,4,4,3,2,22,0.4117647058823529,0.9427749216071463,False,False,False,False,0,True,-4.182379107142869,6.570840009252565e-05,0,True,True
O=C(Cc1cccc(F)c1)NCC1Oc2ccc(F)cc2C1,True,O=C(Cc1cccc(F)c1)NCC1Cc2cc(F)ccc2O1,True,303.308,2.627200000000001,38.33,1,2,4,3,2,22,0.23529411764705882,0.9427267541963056,False,False,False,False,0,True,-3.902369999999996,0.00012520740078460698,0,True,True
CN(C)C(=O)c1ccc(C(=O)NCc2cccc(F)c2)cc1,True,CN(C)C(=O)c1ccc(C(=O)NCc2cccc(F)c2)cc1,True,300.33299999999997,2.4575000000000005,49.410000000000004,1,2,4,2,2,22,0.17647058823529413,0.9426777637313463,False,False,False,False,0,True,-3.6958899999999963,0.00020142343593193565,0,True,True
COc1ccnc(NC(=O)Cc2ccc(Cl)cc2F)c1,True,COc1ccnc(NC(=O)Cc2ccc(Cl)cc2F)c1,True,294.713,3.063900000000001,51.22,1,3,4,2,2,20,0.14285714285714285,0.9426514581881112,False,False,False,False,0,True,-4.110840666666677,7.747459833578264e-05,0,True,True
O=C(CCc1ccccn1)Nc1ccc2c(c1)OCCCO2,True,O=C(CCc1ccccn1)Nc1ccc2c(c1)OCCCO2,True,298.34200000000004,2.8142000000000005,60.45,1,4,4,3,2,22,0.29411764705882354,0.9425975383635534,False,False,False,False,0,True,-4.2957047238095285,5.0616868839791e-05,0,True,True
Cc1nc(-c2ccoc2)ccc1C(=O)NC1(C#N)CCCC1,True,Cc1nc(-c2ccoc2)ccc1C(=O)NC1(C#N)CCCC1,True,295.3420000000001,3.2162000000000015,78.92,1,4,3,3,2,22,0.35294117647058826,0.9425488501482812,False,False,False,False,0,True,-4.523859209523824,2.993234832348776e-05,0,True,True
Cc1cccc(NC(=O)CS(=O)(=O)c2ccc(C)cc2)c1C,True,Cc1ccc(S(=O)(=O)CC(=O)Nc2cccc(C)c2C)cc1,True,317.4100000000001,3.0242600000000017,63.24,1,3,4,2,2,22,0.23529411764705882,0.942522855569781,False,False,False,False,0,True,-4.164307800000007,6.850025686022317e-05,0,True,True
Cc1cc(C)nc(NS(=O)(=O)c2ccc(F)c(F)c2)n1,True,Cc1cc(C)nc(NS(=O)(=O)c2ccc(F)c(F)c2)n1,True,299.302,2.17244,71.95,1,4,3,2,2,20,0.16666666666666666,0.9425146754400783,False,False,False,False,0,True,-3.4243860000000037,0.00037636913420552613,0,True,True
Cc1ccc(C(=O)N(C)CC(=O)Nc2ncccc2F)s1,True,Cc1ccc(C(=O)N(C)CC(=O)Nc2ncccc2F)s1,True,307.35,2.3013200000000005,62.300000000000004,1,4,4,2,2,21,0.21428571428571427,0.9425122573289452,False,False,False,False,0,True,-3.8476540000000026,0.00014201885274029016,0,True,True
COc1ccc(CC(=O)Nc2cn(C)nc2C(F)(F)F)s1,True,COc1ccc(CC(=O)Nc2cn(C)nc2C(F)(F)F)s1,True,319.308,2.690200000000001,56.15,1,4,4,2,2,21,0.3333333333333333,0.9425025400142601,False,False,False,False,0,True,-4.150420050000003,7.072613896337106e-05,0,True,True
Cc1ccc(C(=O)Nc2ccc3c(c2)CC(=O)N3C(C)C)cc1,True,Cc1ccc(C(=O)Nc2ccc3c(c2)CC(=O)N3C(C)C)cc1,True,308.38100000000003,3.5448200000000023,49.410000000000004,1,2,3,3,2,23,0.2631578947368421,0.9424862469834526,False,False,False,False,0,True,-4.259085533333336,5.506992267351098e-05,0,True,True
CNC(=O)c1cn(CCC#N)c2c1CCCC2c1ccccc1,True,CNC(=O)c1cn(CCC#N)c2c1CCCC2c1ccccc1,True,307.397,3.229580000000002,57.82,1,2,4,3,2,23,0.3684210526315789,0.9424856191452169,False,False,False,False,0,True,-4.293312190476198,5.089648726014467e-05,0,True,True
CCCOc1ccccc1C(=O)N1CCc2[nH]c(=O)ccc2C1,True,CCCOc1ccccc1C(=O)N1CCc2[nH]c(=O)ccc2C1,True,312.369,2.3622000000000005,62.4,1,3,4,3,2,23,0.3333333333333333,0.9424794549735983,False,False,False,False,0,True,-3.9497655833333294,0.00011226242433094125,0,True,True
COc1cc(C(=O)N2CC(O)(C3CCC3)CC2)cc2ccccc12,True,COc1cc(C(=O)N2CCC(O)(C3CCC3)C2)cc2ccccc12,True,325.408,3.225500000000002,49.769999999999996,1,3,3,4,2,24,0.45,0.9424472188894594,False,False,False,False,0,True,-4.0981744404762015,7.976742258611173e-05,0,True,True
Cc1ccc(NC(=O)c2ccnc(N(C)C(=O)C(C)C)c2)cc1,True,Cc1ccc(NC(=O)c2ccnc(N(C)C(=O)C(C)C)c2)cc1,True,311.38500000000005,3.261120000000002,62.300000000000004,1,3,4,2,2,23,0.2777777777777778,0.9423985912612507,False,False,False,False,0,True,-4.374033716666675,4.226358014526418e-05,0,True,True
Cc1nc(NC(=O)N2CCN(Cc3ccccc3)CC2)ccc1F,True,Cc1nc(NC(=O)N2CCN(Cc3ccccc3)CC2)ccc1F,True,328.3910000000001,2.878820000000002,48.470000000000006,1,3,3,3,2,24,0.3333333333333333,0.9423863813931609,False,False,False,False,0,True,-4.136739107142863,7.298958474560308e-05,0,True,True
COc1cc(C2NC(=O)c3ccccc32)cc(OC)c1OC,True,COc1cc(C2NC(=O)c3ccccc32)cc(OC)c1OC,True,299.3260000000001,2.5452000000000004,56.790000000000006,1,4,4,3,2,22,0.23529411764705882,0.9423542051926892,False,False,False,False,0,True,-3.9829471333333335,0.00010400467630145528,0,True,True
CCc1ccc(NC(=O)c2cnn(C)c2C)c(Br)c1,True,CCc1ccc(NC(=O)c2cnn(C)c2C)c(Br)c1,True,322.206,3.3057200000000018,46.92,1,2,3,2,2,19,0.2857142857142857,0.9423208615263148,False,False,False,False,0,True,-4.450777333333344,3.541788852232217e-05,0,True,True
Cc1ccc(OC2CN(C(=O)Cc3c[nH]cc3C)CC2)c(C)c1,True,Cc1ccc(OC2CCN(C(=O)Cc3c[nH]cc3C)C2)c(C)c1,True,312.41300000000007,3.1623600000000023,45.33,1,2,4,3,2,23,0.42105263157894735,0.9423159769300563,False,False,False,False,0,True,-4.228189857142863,5.9130308229277305e-05,0,True,True
Cc1ccc(C(=O)NC2CCN(c3ccccc3F)C2)cc1F,True,Cc1ccc(C(=O)NC2CCN(c3ccccc3F)C2)cc1F,True,316.35100000000006,3.281920000000002,32.34,1,2,3,3,2,23,0.2777777777777778,0.9423104923730292,False,False,False,False,0,True,-4.358435000000008,4.380916745822083e-05,0,True,True
O=C(c1cc(F)ccc1N1CCCC1)Nc1ccccn1,True,O=C(Nc1ccccn1)c1cc(F)ccc1N1CCCC1,True,285.32200000000006,3.0732000000000017,45.230000000000004,1,3,3,3,2,21,0.25,0.9423076580447389,False,False,False,False,0,True,-4.309480166666673,4.903654162578216e-05,0,True,True
CC(=O)NC(C)(C)Cc1ccccc1-c1cc(C#N)cn1C,True,CC(=O)NC(C)(C)Cc1ccccc1-c1cc(C#N)cn1C,True,295.386,3.0209800000000016,57.82,1,2,4,2,2,22,0.3333333333333333,0.9422557860485907,False,False,False,False,0,True,-4.255540866666674,5.5521236974511e-05,0,True,True
CCC1CCN(C(=O)Nc2ccc(-n3ccnc3)cc2)CC1,True,CCC1CCN(C(=O)Nc2ccc(-n3ccnc3)cc2)CC1,True,298.3900000000001,3.526200000000002,50.160000000000004,1,2,3,3,2,22,0.4117647058823529,0.9421420208050069,False,False,False,False,0,True,-4.478826866666673,3.320267950595309e-05,0,True,True
Cc1cc(C)n(C(C)C(=O)Nc2ccc(C(C)C)c(=O)n2C)n1,True,Cc1cc(C)n(C(C)C(=O)Nc2ccc(C(C)C)c(=O)n2C)n1,True,316.4050000000001,2.5217400000000003,68.92,1,3,4,2,2,23,0.47058823529411764,0.9420907852008134,False,False,False,False,0,True,-3.969127583333337,0.00010736739512195221,0,True,True
Cc1[nH]c(=O)n(CC(=O)N(C)c2ccccc2Cl)c1C,True,Cc1[nH]c(=O)n(CC(=O)N(C)c2ccccc2Cl)c1C,True,293.754,2.1096399999999997,58.1,1,2,3,2,2,20,0.2857142857142857,0.9420880726620872,False,False,False,False,0,True,-3.286833000000001,0.0005166149859266452,0,True,True
